,Museum ID,Museum Name,Legal Name,Alternate Name,Museum Type,Institution Name,Street Address (Administrative Location),City (Administrative Location),State (Administrative Location),Zip Code (Administrative Location),Street Address (Physical Location),City (Physical Location),State (Physical Location),Zip Code (Physical Location),Phone Number,Latitude,Longitude,Locale Code (NCES),County Code (FIPS),State Code (FIPS),Region Code (AAM),Employer ID Number,Tax Period,Income,Revenue
12,8409500006,ALASKA SEALIFE CENTER,ALASKA SEALIFE CENTER,,"ZOO, AQUARIUM, OR WILDLIFE CONSERVATION",,301 RAILWAY AVENUE - PO BOX 1329,SEWARD,AK,99664,301 RAILWAY AVENUE - PO BOX 1329,SEWARD,AK,99664.0,9072246300,60.20885,-149.38716,4.0,122.0,2.0,6,,,,
109,8400200167,OCEANSALASKA,OCEANSALASKA,,"ZOO, AQUARIUM, OR WILDLIFE CONSERVATION",,PO BOX 6383,KETCHIKAN,AK,99901,2417 TONGASS AVENUE,KETCHIKAN,AK,99901.0,9072257900,55.35076,-131.67274,3.0,130.0,2.0,6,943194998,201212.0,892091.0,534898.0
125,8400200126,SEWARD ASSOCIATION FOR THE ADVANCEMENT OF MARINE SCIENCE,SEWARD ASSOCIATION FOR THE ADVANCEMENT OF MARINE SCIENCE,,"ZOO, AQUARIUM, OR WILDLIFE CONSERVATION",,ALASKA SEALIFE CENTERPO,SEWARD,AK,99664,301 RAILWAY AVE,SEWARD,AK,99664.0,9072246300,60.20885,-149.38716,4.0,122.0,2.0,6,920132479,201309.0,9601562.0,9469200.0
205,8400100279,ALABAMA WILDLIFE CENTER,ALABAMA WILDLIFE CENTER,,"ZOO, AQUARIUM, OR WILDLIFE CONSERVATION",,100 TERRACE DR,PELHAM,AL,35124,,,,,2056637930,33.32452,-86.79516,2.0,117.0,1.0,3,630813173,201312.0,463192.0,440703.0
220,8400100374,ANIMAL HOUSE EXOTIC ANIMALS & OSTRICH FARM,ANIMAL HOUSE EXOTIC ANIMALS,,"ZOO, AQUARIUM, OR WILDLIFE CONSERVATION",,2056 COUNTY ROAD 161,MOULTON,AL,35650,,,,,2569748634,34.53421,-87.38741,4.0,79.0,1.0,3,631161613,,,
703,8400500305,COVENANT FARM,COVENANT FARM INC,,"ZOO, AQUARIUM, OR WILDLIFE CONSERVATION",,906 W LOUISIANA,BEEBE,AR,72012,,,,,,35.07389,-91.89314,3.0,145.0,5.0,3,861158055,201412.0,0.0,0.0
970,8400400088,ARIZONA FOLKLORE PRESERVE,ARIZONA FOLKLORE PRESERVE INC,,"ZOO, AQUARIUM, OR WILDLIFE CONSERVATION",,44 E RAMSEY CANYON RD,HEREFORD,AZ,85615,,,,,5203786165,33.59475,-111.9792,1.0,13.0,4.0,6,860670641,201407.0,33375.0,33375.0
1018,8400400238,CABEZA PRIETA NATIONAL WILD LIFE REFUGE,CABEZA PRIETA NATURAL HISTORY ASSOCIATION,,"ZOO, AQUARIUM, OR WILDLIFE CONSERVATION",,PO BOX 234,AJO,AZ,85321,,,,,5203876483,32.39747,-112.87213,3.0,19.0,4.0,6,731687944,201409.0,0.0,0.0
1035,8409500037,CENTER FOR NATIVE AND URBAN WILDLIFE,CENTER FOR NATIVE AND URBAN WILDLIFE,,"ZOO, AQUARIUM, OR WILDLIFE CONSERVATION",SCOTTSDALE COMMUNITY COLLEGE,9000 EAST CHAPARRAL ROAD,SCOTTSDALE,AZ,85256,,,,,4804236000,33.50945,-111.8811,4.0,13.0,4.0,6,860185552,,,
1236,8400400107,PHOENIX HERPETOLOGICAL SOCIETY,PHOENIX HERPETOLOGICAL SOCIETY INC,,"ZOO, AQUARIUM, OR WILDLIFE CONSERVATION",,20701 N SCOTTSDALE RD,SCOTTSDALE,AZ,85255,,,,,,33.67597,-111.88119,1.0,13.0,4.0,6,20678512,201312.0,361962.0,353795.0
1255,8400400035,PRESCOTT ANIMAL PARK,PRESCOTT ANIMAL PARK ASSOCIATION,,"ZOO, AQUARIUM, OR WILDLIFE CONSERVATION",,1403 HERITAGE PARK ROAD,PRESCOTT,AZ,86301,1403 HERITAGE PARK ROAD,PRESCOTT,AZ,86301.0,9287784242,34.61475,-112.4455,4.0,25.0,4.0,6,860549101,201312.0,450155.0,450155.0
1277,8400400427,RUNNIN W WILDLIFE CENTER,RUNNIN W WILDLIFE CENTER INC,,"ZOO, AQUARIUM, OR WILDLIFE CONSERVATION",,PO BOX 980,CORNVILLE,AZ,86325,,,,,,34.72331,-111.9241,4.0,25.0,4.0,6,860977121,201312.0,14700.0,
1313,8400400389,SONORAN SEA AQUARIUM,SONORAN SEA AQUARIUM,,"ZOO, AQUARIUM, OR WILDLIFE CONSERVATION",,1805 S CEYLON PL,TUCSON,AZ,85748,,,,,,32.19934,-110.77773,1.0,19.0,4.0,6,860792803,201012.0,0.0,0.0
1498,8409500010,AQUARIUM OF THE BAY,AQUARIUM OF THE BAY,,"ZOO, AQUARIUM, OR WILDLIFE CONSERVATION",,THE EMBARCADERO AT BEACH STREET PIER 39,SAN FRANCISCO,CA,94133,THE EMBARCADERO AT BEACH STREET PIER 39,SAN FRANCISCO,CA,94133.0,4156235300,37.80032,-122.4104,2.0,75.0,6.0,6,,,,
1499,8400601268,AQUARIUM OF THE PACIFIC,AQUARIUM OF THE PACIFIC,,"ZOO, AQUARIUM, OR WILDLIFE CONSERVATION",,100 AQUARIUM WAY,LONG BEACH,CA,90802,,,,,5625903100,33.76322,-118.19669,1.0,37.0,6.0,6,330532354,201312.0,38286191.0,33641453.0
1675,8400600622,CABRILLO MARINE AQUARIUM,FRIENDS OF CABRILLO MARINE AQUARIUM,,"ZOO, AQUARIUM, OR WILDLIFE CONSERVATION",,3720 STEPHEN WHITE DRIVE,SAN PEDRO,CA,90731,,,,,2135487563,33.71058,-118.28595,1.0,37.0,6.0,6,330585381,201406.0,1109599.0,980785.0
1806,8400601973,CENTRAL COAST AQUARIUM SOCIETY,CENTRAL COAST AQUARIUM SOCIETY,,"ZOO, AQUARIUM, OR WILDLIFE CONSERVATION",,1435 SHELL BEACH ROAD,SHELL BEACH,CA,93449,,,,,8057732439,35.15758,-120.67246,2.0,79.0,6.0,6,770372604,201212.0,0.0,0.0
1822,8409400100,CHANNEL ISLANDS NATIONAL MARINE SANCTUARY,CHANNEL ISLANDS NATIONAL MARINE SANCTUARY,,"ZOO, AQUARIUM, OR WILDLIFE CONSERVATION",,1901 SPINNAKER DR,VENTURA,CA,93001,,,,,,34.24765,-119.26675,1.0,111.0,6.0,6,,,,
1899,8409400124,COASTAL DISCOVERY CENTER AT SAN SIMEON BAY,COASTAL DISCOVERY CENTER AT SAN SIMEON BAY,,"ZOO, AQUARIUM, OR WILDLIFE CONSERVATION",,750 HEARST CASTLE RD,SAN SIMEON,CA,93452,,,,,8059272145,35.70203,-121.11399,4.0,79.0,6.0,6,,,,
2002,8400600459,DI ROSA PRESERVE: ART & NATURE,DI ROSA PRESERVE,,"ZOO, AQUARIUM, OR WILDLIFE CONSERVATION",,5200 CARNEROS HIGHWAY,NAPA,CA,94559,,,,,7072265991,38.25646,-122.35062,4.0,55.0,6.0,6,943367956,201312.0,1250579.0,1105207.0
2086,8409400157,ELKHORN SLOUGH NATIONAL ESTUARINE RESEARCH RESERVE,ELKHORN SLOUGH NATIONAL ESTUARINE RESEARCH RESERVE,,"ZOO, AQUARIUM, OR WILDLIFE CONSERVATION",,,ELKHORN,CA,95039,,,,,,,,,,6.0,6,,,,
2466,8409500017,INSTITUTION OF OCEANOGRAPHY,BIRCH AQUARIUM AT SCRIPPS INSTITUTION OF OCEANOGRAPHY,,"ZOO, AQUARIUM, OR WILDLIFE CONSERVATION",,2300 EXPEDITION WAY,LA JOLLA,CA,92037,2300 EXPEDITION WAY,LA JOLLA,CA,92037.0,8585344109,32.84349,-117.25774,1.0,,6.0,6,,,,
2480,8400601308,INTERNATIONAL WILDLIFE CARVERS ASSOCIATION,INTERNATIONAL WILDLIFE CARVERS ASSOCIATION,,"ZOO, AQUARIUM, OR WILDLIFE CONSERVATION",,6442 EL PASEO ST,LONGBEACH,CA,90815,,,,,5624314003,33.79423,-118.10627,1.0,37.0,6.0,6,330683369,201407.0,0.0,0.0
2734,8400602889,MARINE AQUARIUM SOCIETY OF LOS ANGELES COUNTY,MARINE AQUARIUM SOCIETY OF LOS ANGELES COUNTY,,"ZOO, AQUARIUM, OR WILDLIFE CONSERVATION",,13620 B SHERMAN WAY,VAN NUYS,CA,91405,,,,,,34.2011,-118.42975,1.0,37.0,6.0,6,954831055,,,
2737,8400601553,MARINE MAMMAL CENTER,MARINE MAMMAL CENTER,MARINE MAMMAL CENTER,"ZOO, AQUARIUM, OR WILDLIFE CONSERVATION",,2000 BUNKER ROAD FORT C,SAUSALITO,CA,95000,,,,,4152897325,37.86264,-122.49982,2.0,,6.0,6,510144434,201309.0,10278218.0,9448577.0
2738,8400600279,MARINE SCIENCE DEPARTMENT PUBLIC AQUARIUM,MARINE SCIENCE DEPARTMENT PUBLIC AQUARIUM,,"ZOO, AQUARIUM, OR WILDLIFE CONSERVATION",,ORANGE COAST COLLEGE 2701 FAIRVIEW ROAD,COSTA MESA,CA,92628,,,,,,33.67324,-117.92329,1.0,,6.0,6,,,,
2739,8409500110,MARINE WILDLIFE VETERINARY CARE AND RESEARCH CENTER,REGENTS OF THE UNIVERSITY OF CALIFORNIA,,"ZOO, AQUARIUM, OR WILDLIFE CONSERVATION","UNIVERSITY OF CALIFORNIA, SANTA CRUZ",110 SHAFFER ROAD,SANTA CRUZ,CA,95060,,,,,8314593800,36.97755,-122.05583,1.0,87.0,6.0,6,941539563,,,
2740,8400602324,MARINE WORLD AFRICA USA,MARINE WORLD AFRICA USA,,"ZOO, AQUARIUM, OR WILDLIFE CONSERVATION",,2001 MARINE WORLD PKWY,VALLEJO,CA,94589,,,,,,38.13365,-122.22965,1.0,95.0,6.0,6,942674934,,,
2840,8400602286,MONTEREY BAY AQUARIUM,MONTEREY BAY AQUARIUM FOUNDATION,,"ZOO, AQUARIUM, OR WILDLIFE CONSERVATION",,886 CANNERY ROW,MONTEREY,CA,93940,,,,,8316484800,36.61784,-121.90177,2.0,53.0,6.0,6,942487469,201312.0,137491679.0,86558017.0
2841,8409400381,MONTEREY BAY NATIONAL MARINE SANCTUARY - SANCTUARY EXPLORATION CENTER,MONTEREY BAY NATIONAL MARINE SANCTUARY,,"ZOO, AQUARIUM, OR WILDLIFE CONSERVATION",,35 PACIFIC AVE.,SANTA CRUZ,CA,95060,,,,,831421993,36.9664,-122.01867,1.0,87.0,6.0,6,,,,
3118,8409400536,OUTREACH CENTER FOR TEACHING OCEAN SCIENCE,UNIVERSITY OF CALIFORNIA SANTA BARBARA,,"ZOO, AQUARIUM, OR WILDLIFE CONSERVATION",,1901 SPINNAKER DR,VENTURA,CA,93001,,,,,,34.24765,-119.26675,1.0,111.0,6.0,6,,,,
3429,8400602130,SAFARI WEST WILDLIFE PRESERVE,SAFARI WEST WILDLIFE FOUNDATION,SAFARI WEST WILDLIFE FOUNDATION,"ZOO, AQUARIUM, OR WILDLIFE CONSERVATION",,3115 PORTER CREEK RD,SANTA ROSA,CA,95404,,,,,7075792551,38.55575,-122.69616,4.0,97.0,6.0,6,911837240,201312.0,180691.0,180691.0
3463,8400601007,SAN DIEGO MARINE AQUARIUM SOCIETY,SAN DIEGO MARINE AQUARIUM SOCIETY,,"ZOO, AQUARIUM, OR WILDLIFE CONSERVATION",,8488 SPRECKELS LANE,SAN DIEGO,CA,92127,,,,,,32.78258,-117.09198,1.0,73.0,6.0,6,262705836,201412.0,0.0,0.0
3482,8400602215,SAN FRANCISCO AQUARIUM SOCIETY,SAN FRANCISCO AQUARIUM SOCIETY INC CALIFORNIA ACADEMY OF SC,,"ZOO, AQUARIUM, OR WILDLIFE CONSERVATION",,PO BOX 282040,SAN FRANCISCO,CA,94128,38 FORT MASON,SAN FRANCISCO,CA,94128.0,4159351923,37.80358,-122.42854,1.0,75.0,6.0,6,941437731,201312.0,0.0,0.0
3612,8409500184,SEAWORLD SAN DIEGO,SEAWORLD SAN DIEGO,,"ZOO, AQUARIUM, OR WILDLIFE CONSERVATION",,500 SEAWORLD DRIVE,SAN DIEGO,CA,92109,500 SEAWORLD DRIVE,SAN DIEGO,CA,92109.0,6192226363,32.76104,-117.22195,1.0,73.0,6.0,6,,,,
3734,8409500194,STEINHART AQUARIUM,STEINHART AQUARIUM,,"ZOO, AQUARIUM, OR WILDLIFE CONSERVATION",,55 MUSIC CONCOURSE DRIVE,SAN FRANCISCO,CA,94118,55 MUSIC CONCOURSE DRIVE,SAN FRANCISCO,CA,94118.0,4153795445,37.77025,-122.46932,1.0,75.0,6.0,6,,,,
3807,8409400660,TIJUANA RIVER NATIONAL ESTUARINE RESEARCH RESERVE,TIJUANA RIVER NATIONAL ESTUARINE RESEARCH RESERVE,,"ZOO, AQUARIUM, OR WILDLIFE CONSERVATION",,301 CASPAIN WAY,IMPERIAL BEACH,CA,91932,,,,,,32.57564,-117.12738,2.0,73.0,6.0,6,,,,
4131,8409500028,BUTTERFLY PAVILION,BUTTERFLY PAVILION,,"ZOO, AQUARIUM, OR WILDLIFE CONSERVATION",,6252 W 104TH AVE,WESTMINSTER,CO,80020,6252 W 104TH AVE,WESTMINSTER,CO,80020.0,,39.88698,-105.06666,2.0,59.0,8.0,5,,,,
4166,8400800671,COLORADO AQUARIUM SOCIETY,COLORADO AQUARIUM SOCIETY INC,,"ZOO, AQUARIUM, OR WILDLIFE CONSERVATION",,PO BOX 1253,ARVADA,CO,80001,,,,,3036598084,39.80303,-105.08621,2.0,59.0,8.0,5,846038359,201412.0,0.0,0.0
4429,8409500099,LANDRY'S DOWNTOWN AQUARIUM - DENVER,LANDRY'S DOWNTOWN AQUARIUM - DENVER,,"ZOO, AQUARIUM, OR WILDLIFE CONSERVATION",,700 WATER STREET,DENVER,CO,80211,700 WATER STREET,DENVER,CO,80211.0,3035614450,39.75245,-105.01206,1.0,31.0,8.0,5,,,,
4615,8400800378,SAN LUIS VALLEY NATIONAL WILDLIFE REFUGES,FRIENDS OF THE SAN LUIS VALLEY NATIONAL WILDLIFE REFUGES CO,,"ZOO, AQUARIUM, OR WILDLIFE CONSERVATION",,PO BOX 857,MONTE VISTA,CO,81144,,,,,,37.57631,-106.13976,3.0,105.0,8.0,5,742740115,201412.0,0.0,0.0
4691,8409500223,WILDLIFE EXPERIENCE,REGENTS OF THE UNIVERSITY OF COLORADO,,"ZOO, AQUARIUM, OR WILDLIFE CONSERVATION",UNIVERSITY OF COLORADO DENVER,10035 PEORIA ST ï¿½,PARKER,CO,80134,,,,,7204883305,39.74526,-104.98321,4.0,31.0,8.0,5,846000555,201306.0,,
4714,8400900233,ACTION WILDLIFE FOUNDATION,ACTION WILDLIFE FOUNDATION INC,,"ZOO, AQUARIUM, OR WILDLIFE CONSERVATION",,43 NORFOLK ST,TORRINGTON,CT,6790,337 TORRINGTON ROAD (RT 4),TORRINGTON,CT,6790.0,8604919191,41.8144,-73.11518,3.0,,9.0,1,61401697,201406.0,238455.0,
5008,8400900187,MARITIME AQUARIUM AT NORWALK,THE MARITIME AQUARIUM AT NORWALK INC,MARITIME AQUARIUM AT NORWALK,"ZOO, AQUARIUM, OR WILDLIFE CONSERVATION",,10 N WATER ST,SOUTH NORWALK,CT,6854,10 N WATER ST,NORWALK,CT,6854.0,2038520700,41.10084,-73.41659,1.0,1.0,9.0,1,61062912,201306.0,11074827.0,10386911.0
5044,8409500123,MYSTIC AQUARIUM,MYSTIC AQUARIUM,,"ZOO, AQUARIUM, OR WILDLIFE CONSERVATION",,55 COOGAN BLVD,MYSTIC,CT,6355,55 COOGAN BLVD,MYSTIC,CT,6355.0,8605725955,41.37369,-71.95821,2.0,11.0,9.0,1,,,,
5478,8409400143,DELAWARE NATIONAL ESTUARINE RESEARCH RESERVE,DELAWARE NATIONAL ESTUARINE RESEARCH RESERVE,,"ZOO, AQUARIUM, OR WILDLIFE CONSERVATION",,,DOVER,DE,19901,,,,,,,,,,10.0,2,,,,
5532,8401000061,MILFORD AQUARIUM,MILFORD AQUARIUM INC,,"ZOO, AQUARIUM, OR WILDLIFE CONSERVATION",,PO BOX 1198,MILFORD,DE,19963,,,,,,38.91273,-75.47021,3.0,5.0,10.0,2,454884615,201406.0,0.0,0.0
5609,8401201033,ANIMAL PARK,ANIMAL PARK INC,,"ZOO, AQUARIUM, OR WILDLIFE CONSERVATION",,5701 GULF BREEZE PKWY,GULF BREEZE,FL,32563,,,,,8509322229,30.40113,-86.98953,2.0,113.0,12.0,3,593653239,,,
5617,8409400050,APALACHICOLA NATIONAL ESTUARINE RESEARCH RESERVE,APALACHICOLA NATIONAL ESTUARINE RESEARCH RESERVE,,"ZOO, AQUARIUM, OR WILDLIFE CONSERVATION",,,EAST POINT,FL,32328,,,,,,,,,,12.0,3,,,,
5664,8401201190,BIG CAT HABITAT GULF COAST SANCTUARY,BIG CAT HABITAT GULF COAST SANCTUARY INC,,"ZOO, AQUARIUM, OR WILDLIFE CONSERVATION",,PO BOX 7101,SARASOTA,FL,34240,7101 PALMER BLVD,SARASOTA,FL,34240.0,9413716377,27.32478,-82.4282,4.0,115.0,12.0,3,650659177,201312.0,810186.0,669879.0
5759,8401200766,CLEARWATER MARINE AQUARIUM,CLEARWATER MARINE AQUARIUM INC,,"ZOO, AQUARIUM, OR WILDLIFE CONSERVATION",,249 WINDWARD PASSAGE,CLEARWATER,FL,33767,,,,,7274411790,27.97964,-82.8107,1.0,103.0,12.0,3,592086737,201309.0,15756478.0,13856134.0
5774,8401201206,COMMUNITY CASE MANAGEMENT,COMMUNITY CASE MANAGEMENT INC,,"ZOO, AQUARIUM, OR WILDLIFE CONSERVATION",,99 NW 183RD ST STE 118,MIAMI,FL,33169,,,,,3056534030,25.94352,-80.20367,2.0,86.0,12.0,3,650797196,201312.0,131944.0,131944.0
5807,8401200488,DAGGERWING NATURE CENTER,FRIENDS OF DAGGERWING NATURE CENTER INC,,"ZOO, AQUARIUM, OR WILDLIFE CONSERVATION",,9858 CLINT MOORE RD SUITE C111-131,BOCA RATON,FL,33496,11200 PARK ACCESS ROAD,BOCA RATON,FL,33496.0,5616298760,26.37838,-80.22538,2.0,99.0,12.0,3,271465956,201412.0,0.0,0.0
5833,8409500060,DISNEY'S ANIMAL KINGDOM,DISNEY'S ANIMAL KINGDOM,,"ZOO, AQUARIUM, OR WILDLIFE CONSERVATION",,1316 N BEAR ISLAND ROAD,LAKE BUENA VISTA,FL,32830,1316 N BEAR ISLAND ROAD,LAKE BUENA VISTA,FL,32830.0,4079392468,28.38311,-81.53743,4.0,,12.0,3,,,,
5892,8401200858,FLORIDA AQUARIUM,FLORIDA AQUARIUM INC,FLORIDA AQUARIUM,"ZOO, AQUARIUM, OR WILDLIFE CONSERVATION",,701 CHANNELSIDE DR,TAMPA,FL,33602,,,,,8132734000,27.94344,-82.44854,1.0,57.0,12.0,3,592807815,201309.0,19149841.0,15736020.0
5902,8409400175,FLORIDA KEYS ECO-DISCOVERY CENTER,FLORIDA KEYS ECO-DISCOVERY CENTER,,"ZOO, AQUARIUM, OR WILDLIFE CONSERVATION",,35 E QUAY ROAD,KEY WEST,FL,33040,,,,,3058094750,24.55639,-81.8028,3.0,87.0,12.0,3,,,,
5904,8409400176,FLORIDA KEYS NATIONAL MARINE SANCTUARY,FLORIDA KEYS NATIONAL MARINE SANCTUARY,,"ZOO, AQUARIUM, OR WILDLIFE CONSERVATION",,35 E QUAY ROAD,KEY WEST,FL,33040,,,,,3058094750,24.55639,-81.8028,3.0,87.0,12.0,3,,,,
5917,8401200847,FLORIDA STATE COLLECTION OF ARTHROPODS,CENTER FOR SYSTEMATIC ENTOMOLOGY INC,,"ZOO, AQUARIUM, OR WILDLIFE CONSERVATION",,PO BOX 147100,GAINESVILLE,FL,32614,P O BOX 141874,GAINESVILLE,FL,32614.0,,29.61297,-82.37195,1.0,1.0,12.0,3,592740566,201312.0,0.0,0.0
5929,8401201288,FORT CAROLINE NATIONAL MEMORIAL TIMUCUAN ECOLOGICAL & HISTORIC PRESERVE NATIONAL PARK,FORT CAROLINE NATIONAL MEMORIAL TIMUCUAN ECOLOGICAL & HISTORIC PRESERVE NATIONAL PARK,,"ZOO, AQUARIUM, OR WILDLIFE CONSERVATION",,13165 MT PLEASANT ROAD,JACKSONVILLE,FL,32225,12713 FORT CAROLINE ROAD,JACKSONVILLE,FL,32225.0,,30.37946,-81.50248,1.0,31.0,12.0,3,,,,
5969,8401200423,GOLD COAST AQUARIUM SOCIETY OF SOUTH FLORIDA,GOLD COAST AQUARIUM SOCIETY OF SOUTH FLORIDA INC,,"ZOO, AQUARIUM, OR WILDLIFE CONSERVATION",,3186 N 34TH ST,HOLLYWOOD,FL,33021,,,,,,26.04092,-80.17338,2.0,11.0,12.0,3,260795845,,,
5994,8409400235,GUANA TOLOMATO MATANZAS NATIONAL ESTUARINE RESEARCH RESERVE,GUANA TOLOMATO MATANZAS NATIONAL ESTUARINE RESEARCH RESERVE,,"ZOO, AQUARIUM, OR WILDLIFE CONSERVATION",,505 GUANA RD,PONTE VEDRA BEACH,FL,32082,,,,,,30.19973,-81.38262,2.0,,12.0,3,,,,
6041,8401201062,HISTORIC CAT SANCTUARY OF KEY WEST,HISTORIC CAT SANCTUARY OF KEY WEST INC,,"ZOO, AQUARIUM, OR WILDLIFE CONSERVATION",,704 EATON STREET,KEY WEST,FL,33040,,,,,3057977779,24.5587,-81.80053,3.0,87.0,12.0,3,593767510,,,
6134,8409500095,KATHARINE ORDWAY PRESERVE,UNIVERSITY OF FLORIDA,,"ZOO, AQUARIUM, OR WILDLIFE CONSERVATION",UNIVERSITY OF FLORIDA,UNIVERSITY OF FLORIDA,GAINESVILLE,FL,32611,,,,,,29.64282,-82.35029,4.0,1.0,12.0,3,596002052,201306.0,,
6147,8401201287,KINGSLEY PLANTATION TIMUCUAN ECOLOGICAL & HISTORIC PRESERVE NATIONAL PARK SERVICE,KINGSLEY PLANTATION TIMUCUAN ECOLOGICAL & HISTORIC PRESERVE NATIONAL PARK SERVICE,,"ZOO, AQUARIUM, OR WILDLIFE CONSERVATION",,11676 PALMETTO AVENUE,JACKSONVILLE,FL,32226,11676 PALMETTO AVENUE,JACKSONVILLE,FL,32226.0,9042513537,30.43911,-81.43771,2.0,31.0,12.0,3,,,,
6184,8409500105,LION COUNTRY SAFARI,LION COUNTRY SAFARI,,"ZOO, AQUARIUM, OR WILDLIFE CONSERVATION",,2003 LION COUNTRY SAFARI ROAD,LOXAHATCHEE,FL,33470,2003 LION COUNTRY SAFARI ROAD,LOXAHATCHEE,FL,33470.0,5617931084,26.70803,-80.32244,4.0,99.0,12.0,3,,,,
6267,8409500120,MOTE MARINE LABORATORY & AQUARIUM,MOTE MARINE LABORATORY & AQUARIUM,,"ZOO, AQUARIUM, OR WILDLIFE CONSERVATION",,1600 KEN THOMPSON PARKWAY,SARASOTA,FL,34236,1600 KEN THOMPSON PARKWAY,SARASOTA,FL,34236.0,9413884441,27.3337,-82.57772,1.0,115.0,12.0,3,,,,
6425,8401200870,PIER AQUARIUM,PIER AQUARIUM INC,,"ZOO, AQUARIUM, OR WILDLIFE CONSERVATION",,800 SECOND AVENUE NE,ST PETERSBURG,FL,33701,,,,,7278039799,27.77344,-82.63625,1.0,103.0,12.0,3,592899571,201309.0,702484.0,653619.0
6477,8409400579,ROOKERY BAY NATIONAL ESTUARINE RESEARCH RESERVE,ROOKERY BAY NATIONAL ESTUARINE RESEARCH RESERVE,,"ZOO, AQUARIUM, OR WILDLIFE CONSERVATION",,300 TOWER ROAD,NAPLES,FL,34113,,,,,,26.05139,-81.70841,2.0,21.0,12.0,3,,,,
6484,8409500192,SAINT AUGUSTINE ALLIGATOR FARM,ST. AUGUSTINE ALLIGATOR FARM,,"ZOO, AQUARIUM, OR WILDLIFE CONSERVATION",,999 ANASTASIA BLVD,SAINT AUGUSTINE,FL,32080,999 ANASTASIA BLVD,SAINT AUGUSTINE,FL,32080.0,9048243337,29.88362,-81.28999,2.0,109.0,12.0,3,,,,
6494,8401200305,SAM AND CHRISTINE TROPHIA BUTTERFLY RESEARCH AND EDUCATION CENTER,SAM AND CHRISTINE TROPHIA BUTTERFLY RESEARCH AND EDUCATION,,"ZOO, AQUARIUM, OR WILDLIFE CONSERVATION",,PO BOX 6623,KEY WEST,FL,33041,,,,,3052938299,24.55616,-81.80476,3.0,87.0,12.0,3,200000023,201312.0,18235.0,18235.0
6515,8409500182,SEAWORLD ORLANDO,SEAWORLD ORLANDO,,"ZOO, AQUARIUM, OR WILDLIFE CONSERVATION",,7007 SEAWORLD DRIVE,ORLANDO,FL,32821,7007 SEAWORLD DRIVE,ORLANDO,FL,32821.0,4073513600,28.40739,-81.47165,4.0,95.0,12.0,3,,,,
6590,8401200399,SUNCOAST SEABIRD SANCTUARY,SUNCOAST SEABIRD SANCTUARY INC,,"ZOO, AQUARIUM, OR WILDLIFE CONSERVATION",,18328 GULF BLVD,INDIAN SHORES,FL,33785,,,,,7273916211,27.83883,-82.83776,2.0,103.0,12.0,3,237271061,201312.0,547946.0,500070.0
6602,8401200302,TAMPA BAY AQUARIUM SOCIETY,TAMPA BAY AQUARIUM SOCIETY,,"ZOO, AQUARIUM, OR WILDLIFE CONSERVATION",,PO BOX 27044,TAMPA,FL,33623,11020 PARK DRIVE,RIVERVIEW,FL,33623.0,,27.86465,-82.32057,2.0,57.0,12.0,3,161665513,201308.0,0.0,0.0
6623,8409500207,THE SEAS,THE SEAS,,"ZOO, AQUARIUM, OR WILDLIFE CONSERVATION",,2020 N AVENUE OF THE STARS,LAKE BUENA VISTA,FL,32830,2020 N AVENUE OF THE STARS,LAKE BUENA VISTA,FL,32830.0,4075607688,28.38311,-81.53743,4.0,,12.0,3,,,,
6779,8401300507,AUTREY MILL NATURE PRESERVE & HERITAGE CENTER,AUTREY MILL NATURE PRESERVE ASSOCIATION INC,,"ZOO, AQUARIUM, OR WILDLIFE CONSERVATION",,9770 AUTREY MILL ROAD,JOHNS CREEK,GA,30022,,,,,6783663511,34.0191,-84.23048,2.0,121.0,13.0,3,581858368,201312.0,93656.0,93656.0
6856,8401300102,CHEHAW WILD ANIMAL PARK,CHEHAW WILD ANIMAL PARK,,"ZOO, AQUARIUM, OR WILDLIFE CONSERVATION",,105 CHEHAW PARK RD,ALBANY,GA,31703,105 CHEHAW PARK ROAD,ALBANY,GA,31703.0,2294305275,31.6172,-84.13797,2.0,95.0,13.0,3,,,,
6969,8401300263,GEORGIA AQUARIUM,GEORGIA AQUARIUM FOUNDATION INC,,"ZOO, AQUARIUM, OR WILDLIFE CONSERVATION",,225 BAKER ST NW,ATLANTA,GA,30313,,,,,4045814000,33.76238,-84.39404,1.0,121.0,13.0,3,274284050,201312.0,3949305.0,3674450.0
7022,8409400226,GRAY'S REEF NATIONAL MARINE SANCTUARY,GRAY'S REEF NATIONAL MARINE SANCTUARY,,"ZOO, AQUARIUM, OR WILDLIFE CONSERVATION",,10 OCEAN SCIENCE CIRCLE,SAVANNAH,GA,31411,,,,,9125982345,31.96012,-81.03071,4.0,51.0,13.0,3,,,,
7213,8401300509,OKEFENOKEE WILDLIFE LEAGUE,OKEFENOKEE WILDLIFE LEAGUE INC,,"ZOO, AQUARIUM, OR WILDLIFE CONSERVATION",,4155 SUWANNEE CANAL RD,FOLKSTON,GA,31500,4155 SUWANNEE CANAL RD,FOLKSTON,GA,31500.0,9124967836,30.83391,-82.04512,4.0,49.0,13.0,3,581874671,201403.0,0.0,0.0
7271,8409400590,SAPELO ISLAND NATIONAL ESTUARINE RESEARCH RESERVE,SAPELO ISLAND NATIONAL ESTUARINE RESEARCH RESERVE,,"ZOO, AQUARIUM, OR WILDLIFE CONSERVATION",,,TOWNSEND,GA,31331,,,,,,,,,,13.0,3,,,,
7377,8401300508,WILLIAM H REYNOLDS MEMORIAL NATURE PRESERVE,WILLIAM H REYNOLDS MEMORIAL NATURE PRESERVE INC,,"ZOO, AQUARIUM, OR WILDLIFE CONSERVATION",,5665 REYNOLDS RD,MORROW,GA,30260,,,,,7706034188,33.60233,-84.34895,2.0,63.0,13.0,3,581871964,201312.0,7279.0,7279.0
7444,8409400249,HAWAIIAN ISLANDS HUMPBACK WHALE NATIONAL MARINE SANCTUARY,HAWAIIAN ISLANDS HUMPBACK WHALE NATIONAL MARINE SANCTUARY,,"ZOO, AQUARIUM, OR WILDLIFE CONSERVATION",,1845 WASP BLVD BLDG 176,HONOLULU,HI,96818,,,,,,21.34929,-157.96445,2.0,3.0,15.0,6,,,,
7445,8409400250,HAWAIIAN ISLANDS HUMPBACK WHALE VISITOR CENTER,HAWAIIAN ISLANDS HUMPBACK WHALE VISITOR CENTER,,"ZOO, AQUARIUM, OR WILDLIFE CONSERVATION",,726 SOUTH KIHEI ROAD,KIHEI,HI,96753,,,,,,20.76367,-156.45833,4.0,9.0,15.0,6,,,,
7453,8401500067,HONOLULU AQUARIUM SOCIETY,HONOLULU AQUARIUM SOCIETY,,"ZOO, AQUARIUM, OR WILDLIFE CONSERVATION",,PO BOX 235791,HONOLULU,HI,96823,,,,,8082254196,21.30418,-157.84398,1.0,3.0,15.0,6,311640963,201412.0,0.0,0.0
7512,8409400376,MOKUPAPAPA DISCOVERY CENTER,MOKUPAPAPA DISCOVERY CENTER,,"ZOO, AQUARIUM, OR WILDLIFE CONSERVATION",,76 KAMEHAMEHA AVENUE,HILO,HI,96720,,,,,8089338180,19.72749,-155.08768,3.0,1.0,15.0,6,,,,
7527,8401500174,PALEAKU GARDENS PEACE SANCTUARY,PALEAKU GARDENS PEACE SANCTUARY,,"ZOO, AQUARIUM, OR WILDLIFE CONSERVATION",,83-5401 PAINTED CHURCH,CAPTAIN COOK,HI,96704,,,,,8083288084,19.45632,-155.89109,4.0,1.0,15.0,6,990342223,201312.0,97284.0,82550.0
7529,8409400543,PAPAHANAUMOKUAKEA MARINE NATIONAL MONUMENT,PAPAHANAUMOKUAKEA MARINE NATIONAL MONUMENT,,"ZOO, AQUARIUM, OR WILDLIFE CONSERVATION",,76 KAMEHAMEHA AVENUE,HILO,HI,96720,,,,,8089338180,19.72749,-155.08768,3.0,1.0,15.0,6,,,,
7559,8409500220,WAIKIKI AQUARIUM,WAIKIKI AQUARIUM,,"ZOO, AQUARIUM, OR WILDLIFE CONSERVATION",UNIVERSITY OF HAWAII AT MANOA,2777 KALAKAUA AVENUE,HONOLULU,HI,96815,,,,,8089239741,21.26559,-157.82178,1.0,3.0,15.0,6,996000354,,,
7738,8401900407,EASTERN IOWA AQUARIUM ASSOCIATION,EASTERN IOWA AQUARIUM ASSOCIATION,,"ZOO, AQUARIUM, OR WILDLIFE CONSERVATION",,PO BOX 2327,CEDAR RAPIDS,IA,52406,10260 MORRIS HILLS ROAD,TODDVILLE,IA,52406.0,,42.08057,-91.76898,4.0,113.0,19.0,4,421207367,201308.0,0.0,0.0
8275,8409400153,EAST IDAHO AQUARIUM,EAST IDAHO AQUARIUM CORPORATION,,"ZOO, AQUARIUM, OR WILDLIFE CONSERVATION",,160 N 1ST W APT 56,REXBURG,ID,83440,,,,,,43.82945,-111.78658,4.0,65.0,16.0,6,462348241,,,
8298,8401600056,IDAHO AQUARIUM,IDAHO AQUARIUM INC,,"ZOO, AQUARIUM, OR WILDLIFE CONSERVATION",,64 N COLE RD,BOISE,ID,83704,,,,,2083751932,43.6056,-116.27411,1.0,1.0,16.0,6,260700095,201312.0,1051159.0,1049193.0
8422,8401600044,TROPICAL-MARINE CONSERVATION INSTITUTE,TROPICAL-MARINE CONSERVATION INSTITUTE INC,,"ZOO, AQUARIUM, OR WILDLIFE CONSERVATION",,9600 W BROOKSIDE LN,BOISE,ID,83714,,,,,,43.73656,-116.29372,4.0,1.0,16.0,6,203536638,201312.0,0.0,0.0
8490,8401700456,AQUARIUM FISH SANCTUARY,AQUARIUM FISH SANCTUARY,,"ZOO, AQUARIUM, OR WILDLIFE CONSERVATION",,3652 SOUTH HAMILTON,CHICAGO,IL,60609,,,,,,41.82796,-87.67896,1.0,31.0,17.0,4,263337232,201412.0,0.0,0.0
8653,8401701268,CHICAGO MARINE AQUARIUM SOCIETY,CHICAGO MARINE AQUARIUM SOCIETY,,"ZOO, AQUARIUM, OR WILDLIFE CONSERVATION",,2268 WOODVIEW LANE,PARK RIDGE,IL,60068,,,,,,42.0459,-87.84935,2.0,31.0,17.0,4,454088302,201312.0,0.0,0.0
8955,8401701187,HICKORY SHADOWS EXOTICS & WILDLIFE REHABILITATION & EDUCATION FACILITY,HICKORY SHADOWS EXOTICS & WILDLIFE REHABILITATION & EDUCATI,HICKORY SHDOWS EXOTCS & WLDLFE,"ZOO, AQUARIUM, OR WILDLIFE CONSERVATION",,9370 E RADIUS RD,MOUNT VERNON,IL,62864,,,,,6182444324,38.29405,-88.97863,4.0,81.0,17.0,4,371410464,201312.0,0.0,0.0
9082,8409500092,JOHN G. SHEDD AQUARIUM,JOHN G. SHEDD AQUARIUM,,"ZOO, AQUARIUM, OR WILDLIFE CONSERVATION",,1200 S LAKE SHORE DRIVE,CHICAGO,IL,60605,1200 S LAKE SHORE DRIVE,CHICAGO,IL,60605.0,3129392438,41.86668,-87.61907,1.0,31.0,17.0,4,,,,
9554,8401700558,SHEDD AQUARIUM SOCIETY,SHEDD AQUARIUM SOCIETY,SHEDD AQUARIUM SOCIETY,"ZOO, AQUARIUM, OR WILDLIFE CONSERVATION",,1200 S LAKE SHORE DR,CHICAGO,IL,60605,,,,,3129392438,41.8675,-87.61905,1.0,31.0,17.0,4,362167918,201312.0,74041834.0,63545279.0
9717,8401700804,WILDLIFE,WILDLIFE INC,,"ZOO, AQUARIUM, OR WILDLIFE CONSERVATION",,1421 S ARMSTRONG AVE,FREEPORT,IL,61032,,,,,8152322296,42.2848,-89.60172,3.0,177.0,17.0,4,364056367,,,
10031,8401800468,HOOSIER HERPETOLOGICAL SOCIETY,HOOSIER HERPETOLOGICAL SOCIETY INC,,"ZOO, AQUARIUM, OR WILDLIFE CONSERVATION",,PO BOX 40544,INDIANAPOLIS,IN,46240,6363 SPRING MILL RD,INDIANAPOLIS,IN,46240.0,,39.87109,-86.16492,1.0,97.0,18.0,4,351802210,201412.0,0.0,0.0
10496,8402000456,CEDAR COVE FELINE CONSERVATION PARK,CEDAR COVE FELINE CONSERVATION PARK INC,,"ZOO, AQUARIUM, OR WILDLIFE CONSERVATION",,3783 K68 HWY,LOUISBURG,KS,66053,,,,,,38.61431,-94.65756,4.0,121.0,20.0,5,481186674,201312.0,111382.0,101339.0
10563,8402000538,EAGLE VALLEY RAPTOR CENTER,EAGLE VALLEY RAPTOR CENTER INC,,"ZOO, AQUARIUM, OR WILDLIFE CONSERVATION",,927 N 343RD ST W,CHENEY,KS,67025,,,,,3163930710,37.6927,-97.73456,4.0,173.0,20.0,5,710954031,201312.0,28350.0,28350.0
10659,8402000133,HOPE IN THE VALLEY EQUINE RESCUEAND SANCTUARY,HOPE IN THE VALLEY EQUINE RESCUEAND SANCTUARY INC,,"ZOO, AQUARIUM, OR WILDLIFE CONSERVATION",,9025 N BROADWAY ST,VALLEY CENTER,KS,67147,,,,,3165194129,37.83923,-97.33568,4.0,173.0,20.0,5,204151013,201312.0,53472.0,53472.0
11319,8409500131,NEWPORT AQUARIUM,NEWPORT AQUARIUM,,"ZOO, AQUARIUM, OR WILDLIFE CONSERVATION",,ONE AQUARIUM WAY,NEWPORT,KY,41071,ONE AQUARIUM WAY,NEWPORT,KY,41071.0,8592617444,39.09066,-84.49425,2.0,37.0,21.0,3,,,,
11364,8402100466,PROJECT TO PRESERVE AFRICAN AMERICAN TURF HISTORY,PROJECT TO PRESERVE AFRICAN AMERICAN TURF HISTORY,,"ZOO, AQUARIUM, OR WILDLIFE CONSERVATION",,1707 REEL DR,LAGRANGE,KY,40031,,,,,,38.40255,-85.36148,2.0,185.0,21.0,3,753241510,201212.0,0.0,0.0
11463,8409500013,AUDUBON AQUARIUM OF THE AMERICAS,AUDUBON AQUARIUM OF THE AMERICAS,,"ZOO, AQUARIUM, OR WILDLIFE CONSERVATION",,1 CANAL STREET,NEW ORLEANS,LA,70130,1 CANAL STREET,NEW ORLEANS,LA,70130.0,5045653033,29.95018,-90.06427,4.0,71.0,22.0,3,,,,
11464,8402200088,AUDUBON INSECTARIUM,AUDUBON NATURE INSTITUTE INC,,"ZOO, AQUARIUM, OR WILDLIFE CONSERVATION",,423 CANAL ST,NEW ORLEANS,LA,70130,,,,,4232262578,29.92716,-90.13287,1.0,71.0,22.0,3,510157624,201312.0,31639978.0,30405440.0
11508,8402200417,CHIMP HAVEN,CHIMP HAVEN INC,,"ZOO, AQUARIUM, OR WILDLIFE CONSERVATION",,13600 CHIMPANZEE PL,KEITHVILLE,LA,71047,,,,,3189259575,32.25729,-93.944,4.0,17.0,22.0,3,742766663,201309.0,6415045.0,6415045.0
11808,8402200197,TOUCHSTONE WILDLIFE AND ART,TOUCHSTONE WILDLIFE AND ART MUSEUM INC,,"ZOO, AQUARIUM, OR WILDLIFE CONSERVATION",,3386 HIGHWAY 80,HAUGHTON,LA,71037,,,,,3189492323,32.55579,-93.59399,4.0,15.0,22.0,3,581773007,,,
12009,8402500198,CAPEN HILL NATURE SANCTUARY,CAPEN HILL NATURE ASSOCIATION INC,,"ZOO, AQUARIUM, OR WILDLIFE CONSERVATION",,56 CAPEN RD,CHARLTON,MA,1507,,,,,5082485516,42.15139,-71.9896,2.0,27.0,25.0,1,42952657,201312.0,106533.0,105652.0
12481,8402500507,NATIONAL MARINE LIFE CENTER,NATIONAL MARINE LIFE CENTER INC,,"ZOO, AQUARIUM, OR WILDLIFE CONSERVATION",,PO BOX 269,BUZZARDS BAY,MA,2532,120 MAIN STREET,BUZZARDS BAY,MA,2532.0,5087439888,41.74537,-70.61124,2.0,1.0,25.0,1,43290276,201312.0,339506.0,334250.0
12497,8402500843,NEW ENGLAND AQUARIUM MARINE LIFE CENTER,NEW ENGLAND AQUARIUM MARINE LIFE CENTER INC,,"ZOO, AQUARIUM, OR WILDLIFE CONSERVATION",,177 MILK ST,BOSTON,MA,2109,,,,,6179735206,42.35839,-71.05321,1.0,25.0,25.0,1,223334951,201312.0,10000.0,10000.0
12715,8409400635,STELLWAGEN BANK NATIONAL MARINE SANCTUARY,STELLWAGEN BANK NATIONAL MARINE SANCTUARY,,"ZOO, AQUARIUM, OR WILDLIFE CONSERVATION",,175 EDWARD FOSTER RD,SCITUATE,MA,2066,,,,,,42.19953,-70.7164,2.0,23.0,25.0,1,,,,
12791,8409400737,WAQUOIT BAY NATIONAL ESTUARINE RESEARCH RESERVE,WAQUOIT BAY NATIONAL ESTUARINE RESEARCH RESERVE,,"ZOO, AQUARIUM, OR WILDLIFE CONSERVATION",,PO BOX 3522,WAQUOIT,MA,2356,,,,,,41.627,-70.58628,2.0,1.0,25.0,1,,,,
12993,8409400104,CHESAPEAKE BAY VIRGINIA NATIONAL ESTUARINE RESEARCH RESERVE,CHESAPEAKE BAY VIRGINIA NATIONAL ESTUARINE RESEARCH RESERVE,,"ZOO, AQUARIUM, OR WILDLIFE CONSERVATION",,580 TAYLOR AVE,ANNAPOLIS,MD,21401,,,,,,38.98299,-76.50539,2.0,3.0,24.0,2,,,,
13281,8402400673,NATIONAL AQUARIUM,NATIONAL AQUARIUM,,"ZOO, AQUARIUM, OR WILDLIFE CONSERVATION",,501 E PRATT ST,BALTIMORE,MD,21202,501 E PRATT ST,BALTIMORE,MD,21202.0,7178170948,39.2866,-76.60875,1.0,510.0,24.0,2,,,,
13651,8402300441,GULF OF MAINE AQUARIUM,GULF OF MAINE AQUARIUM,,"ZOO, AQUARIUM, OR WILDLIFE CONSERVATION",,97A EXCHANGE ST,PORTLAND,ME,4101,350 COMMERCIAL ST,PORTLAND,ME,4101.0,2077722321,43.65408,-70.25538,1.0,5.0,23.0,1,237002794,,,
13652,8402300273,GULF OF MAINE RESEARCH INSTITUTE,GULF OF MAINE RESEARCH INSTITUTE,,"ZOO, AQUARIUM, OR WILDLIFE CONSERVATION",,350 COMMERCIAL ST,PORTLAND,ME,4101,,,,,2077722321,43.65408,-70.25538,1.0,5.0,23.0,1,10504905,201312.0,11288302.0,8248729.0
13694,8402300210,KISMA PRESERVE,KISMA PRESERVE,,"ZOO, AQUARIUM, OR WILDLIFE CONSERVATION",,PO BOX 84,MOUNT DESERT,ME,4605,446 BAR HARBOR ROAD,TRENTON,ME,4605.0,2076673244,44.47613,-68.36762,4.0,9.0,23.0,1,10412171,201404.0,148231.0,43531.0
13919,8402300106,STANWOOD WILDLIFE SANCTUARY,STANWOOD WILDLIFE SANCTUARY,STANWOOD WILDLIFE SANCTUARY,"ZOO, AQUARIUM, OR WILDLIFE CONSERVATION",,PO BOX 485,ELLSWORTH,ME,4605,289 HIGH ST,ELLSWORTH,ME,4605.0,2076678460,44.52091,-68.39737,3.0,9.0,23.0,1,10277845,201312.0,36433.0,34114.0
13977,8409400744,WELLS NATIONAL ESTUARINE RESEARCH RESERVE,WELLS NATIONAL ESTUARINE RESEARCH RESERVE,,"ZOO, AQUARIUM, OR WILDLIFE CONSERVATION",,342 LAUDHOLM FARM RD,WELLS,ME,4090,,,,,,43.34062,-70.55512,4.0,31.0,23.0,1,,,,
14123,8409500036,CARD WILDLIFE EDUCATION CENTER,FERRIS STATE UNIVERSITY,,"ZOO, AQUARIUM, OR WILDLIFE CONSERVATION",FERRIS STATE UNIVERSITY,820 CAMPUS DRIVE,BIG RAPIDS,MI,49307,,,,,2315915387,43.693,-85.47763,4.0,107.0,26.0,4,386005159,201306.0,,
14231,8402600817,DOMINOS FARMS PETTING FARM,DOMINOS FARMS PETTING FARM,,"ZOO, AQUARIUM, OR WILDLIFE CONSERVATION",,PO BOX 445,ANN ARBOR,MI,48106,,,,,7349980182,42.27276,-83.76611,1.0,161.0,26.0,4,383230460,201312.0,169112.0,156377.0
14354,8402600742,GREAT LAKES AQUARIUM,GREAT LAKES AQUARIUM & RES CENTER,,"ZOO, AQUARIUM, OR WILDLIFE CONSERVATION",,PO BOX 1727,MUSKEGON,MI,49443,353 HARBOR DRIVE,MUSKEGON,MI,49443.0,2317265550,43.21134,-86.22867,2.0,,26.0,4,382960962,,,
14360,8409400229,GREAT LAKES MARITIME HERITAGE CENTER,GREAT LAKES MARITIME HERITAGE CENTER,,"ZOO, AQUARIUM, OR WILDLIFE CONSERVATION",,500 W FLETCHER STREET,ALPENA,MI,49707,,,,,9893568805,45.0683,-83.43371,4.0,7.0,26.0,4,,,,
14367,8402600325,GREATER DETROIT AQUARIUM SOCIETY,GREATER DETROIT AQUARIUM SOCIETY,,"ZOO, AQUARIUM, OR WILDLIFE CONSERVATION",,2101 N VERMONT AVE,ROYAL OAK,MI,48073,,,,,7346768564,42.5077,-83.12935,2.0,125.0,26.0,4,237328721,201405.0,0.0,0.0
14580,8402600961,MARINELIFE AQUARIUM SOCIETY OF MICHIGAN,MARINELIFE AQUARIUM SOCIETY OF MICHIGAN,,"ZOO, AQUARIUM, OR WILDLIFE CONSERVATION",,204 S UNION ST,READING,MI,49274,,,,,,42.62511,-83.37808,2.0,125.0,26.0,4,383724063,201412.0,0.0,0.0
14929,8409400659,THUNDER BAY NATIONAL MARINE SANCTUARY,THUNDER BAY NATIONAL MARINE SANCTUARY,,"ZOO, AQUARIUM, OR WILDLIFE CONSERVATION",,500 W FLETCHER STREET,ALPENA,MI,49707,,,,,9893568805,45.0683,-83.43371,4.0,7.0,26.0,4,,,,
14972,8409500219,W.K. KELLOGG BIRD SANTUARY,MICHIGAN STATE UNIVERSITY,,"ZOO, AQUARIUM, OR WILDLIFE CONSERVATION",MICHIGAN STATE UNIVERSITY,12685 EAST C AVENUE,AUGUSTA,MI,49012,,,,,2696712510,42.7356,-84.49352,1.0,65.0,26.0,4,386005984,201306.0,,
14996,8402600279,WEST MICHIGAN LAKERS,WEST MICHIGAN LAKERS INC,,"ZOO, AQUARIUM, OR WILDLIFE CONSERVATION",,6282 HAWTHORNE CT,SAUGATUCK,MI,49453,,,,,6166351717,42.66068,-86.16242,4.0,5.0,26.0,4,204630264,,,
15017,8402600411,WILDERNESS TRAILS ANIMAL PARK,WILDERNESS TRAILS ANIMAL PARK INC,,"ZOO, AQUARIUM, OR WILDLIFE CONSERVATION",,11721 GERA RD,BIRCH RUN,MI,48415,,,,,9896246177,43.25039,-83.7353,4.0,145.0,26.0,4,320013455,201312.0,323755.0,302277.0
15413,8402700524,MINNESOTA AQUARIUM SOCIETY,MINNESOTA AQUARIUM SOCIETY INCORPORATED,,"ZOO, AQUARIUM, OR WILDLIFE CONSERVATION",,965 BEACON LANE,APPLE VALLEY,MN,55124,,,,,,44.72829,-93.23436,2.0,37.0,27.0,4,411809731,,,
15519,8402700193,PANDORAS AQUARIUM,PANDORAS AQUARIUM INC,,"ZOO, AQUARIUM, OR WILDLIFE CONSERVATION",,3109 W 50TH ST STE 320,MINNEAPOLIS,MN,55410,,,,,6122344204,44.9123,-93.31933,1.0,53.0,27.0,4,261102950,201406.0,0.0,0.0
15659,8402700198,TWIN CITIES MARINE AQUARIUM SOCIETY,TWIN CITIES MARINE AQUARIUM SOCIETY,,"ZOO, AQUARIUM, OR WILDLIFE CONSERVATION",,2751 HENNEPIN AVENUE SOUTH PMB 277,MINNEAPOLIS,MN,55408,,,,,,44.95261,-93.2977,1.0,53.0,27.0,4,262517512,201112.0,0.0,0.0
15789,8402900256,BOBWHITE QUAIL RESTORATION ASSOCIATION,BOBWHITE QUAIL RESTORATION ASSOCIATION INC,,"ZOO, AQUARIUM, OR WILDLIFE CONSERVATION",,1307 CHAPEL DR,HARRISONVILLE,MO,64701,,,,,,38.6453,-94.33668,3.0,37.0,29.0,4,273074086,201406.0,34499.0,34499.0
15841,8402900100,CHILDREN'S AQUARIUM,CHILDREN'S AQUARIUM,,"ZOO, AQUARIUM, OR WILDLIFE CONSERVATION",,701 N 15TH ST,SAINT LOUIS,MO,63103,,,,,3146479594,38.63354,-90.20002,1.0,510.0,29.0,4,,,,
16158,8402900254,MISSOURI RIVER BIRD OBSERVATORY,MISSOURI RIVER BIRD OBSERVATORY,,"ZOO, AQUARIUM, OR WILDLIFE CONSERVATION",,27331 HIGHWAY WW,MARSHALL,MO,65340,,,,,6608868788,39.10009,-93.16732,4.0,195.0,29.0,4,272746275,201407.0,75713.0,75713.0
16309,8402900184,SAINT LOUIS AQUACENTER,ST LOUIS AQUACENTER INC,,"ZOO, AQUARIUM, OR WILDLIFE CONSERVATION",,701 N 15TH ST 2ND FL,ST LOUIS,MO,63103,,,,,,38.63354,-90.20002,1.0,510.0,29.0,4,237136059,201406.0,483141.0,479182.0
16337,8409500180,SEA LIFE AQUARIUM - KANSAS CITY,SEA LIFE AQUARIUM - KANSAS CITY,,"ZOO, AQUARIUM, OR WILDLIFE CONSERVATION",,2475 GRAND BLVD,KANSAS CITY,MO,64108,2475 GRAND BLVD,KANSAS CITY,MO,64108.0,8164714386,39.08279,-94.58172,1.0,95.0,29.0,4,,,,
16450,8402900320,WILD CANID SURVIVAL AND RESEARCH CENTER,WILD CANID SURVIVAL & RESEARCH CENTER INC,,"ZOO, AQUARIUM, OR WILDLIFE CONSERVATION",,PO BOX 760,EUREKA,MO,63025,6750 TYSON VALLEY RD,EUREKA,MO,63025.0,6369385900,38.52119,-90.60302,4.0,189.0,29.0,4,430996361,201312.0,923522.0,902939.0
16456,8402900001,WORLD AQUARIUM,ST LOUIS AQUACENTER INC,,"ZOO, AQUARIUM, OR WILDLIFE CONSERVATION",,701 NORTH 15TH STREET 2ND FLOOR,ST LOUIS,MO,63103,,,,,3146476011,38.63354,-90.20002,1.0,510.0,29.0,4,237136059,201406.0,483141.0,479182.0
16457,8402900362,WORLD BIRD SANCTUARY,WORLD BIRD SANCTUARY,,"ZOO, AQUARIUM, OR WILDLIFE CONSERVATION",,125 BALD EAGLE RIDGE RD,VALLEY PARK,MO,63088,,,,,6368611392,38.53902,-90.50293,2.0,189.0,29.0,4,431184675,201307.0,,
16525,8409400221,GRAND BAY NATIONAL ESTUARINE RESEARCH RESERVE,GRAND BAY NATIONAL ESTUARINE RESEARCH RESERVE,,"ZOO, AQUARIUM, OR WILDLIFE CONSERVATION",,,MOSS POINT,MS,39562,,,,,,,,,,28.0,3,,,,
16528,8402800128,GREENVILLE CYPRESS PRESERVE,GREENVILLE CYPRESS PRESERVE TR,,"ZOO, AQUARIUM, OR WILDLIFE CONSERVATION",,239 WOODLAWN DR,GREENVILLE,MS,38701,314 WETHERBEE ST,GREENVILLE,MS,38701.0,,33.38697,-91.04813,3.0,151.0,28.0,3,412040861,201405.0,16290.0,16290.0
16558,8409500087,J. L. SCOTT MARINE EDUCATION CENTER AND AQUARIUM,UNIVERSITY OF SOUTHERN MISSISSIPPI,,"ZOO, AQUARIUM, OR WILDLIFE CONSERVATION",UNIVERSITY OF SOUTHERN MISSISSIPPI,118 COLLEGE DRIVE # 0001,BILOXI,MS,39406,,,,,,31.33018,-89.33893,4.0,35.0,28.0,3,646000818,201406.0,,
16732,8403000098,BROKEN WHEEL PETTING FARM,BROKEN WHEEL PETTING FARM,,"ZOO, AQUARIUM, OR WILDLIFE CONSERVATION",,3900 WYLIE DR,HELENA,MT,59602,,,,,,46.64311,-111.93632,3.0,49.0,30.0,5,260751047,201312.0,0.0,0.0
16803,8409500076,GRIZZLY & WOLF DISCOVERY CENTER,GRIZZLY & WOLF DISCOVERY CENTER,,"ZOO, AQUARIUM, OR WILDLIFE CONSERVATION",,201 S CANYON ST,WEST YELLOWSTONE,MT,59758,201 S CANYON ST,WEST YELLOWSTONE,MT,59758.0,4066467001,44.7537,-111.19211,4.0,,30.0,5,,,,
16872,8403000028,MONTANA WILDLIFE TAXIDERMY,MONTANA WILDLIFE TAXIDERMY,,"ZOO, AQUARIUM, OR WILDLIFE CONSERVATION",,28 6TH ST W,COLUMBIA FALLS,MT,59912,3354 N FORK RD,COLUMBIA FALLS,MT,59912.0,4063874468,48.45301,-114.16891,4.0,29.0,30.0,5,,,,
17085,8403700141,CAROLINA RAPTOR CENTER,CAROLINA RAPTOR CENTER INC,,"ZOO, AQUARIUM, OR WILDLIFE CONSERVATION",,6000 SAMPLE RD,HUNTERSVILLE,NC,28078,,,,,7048756521,35.35444,-80.91166,4.0,119.0,37.0,3,561349170,201406.0,1174024.0,1119714.0
17490,8409500132,NORTH CAROLINA AQUARIUM AT FORT FISHER,NORTH CAROLINA AQUARIUM AT FORT FISHER,,"ZOO, AQUARIUM, OR WILDLIFE CONSERVATION",,900 LOGGERHEAD ROAD,KURE BEACH,NC,28449,900 LOGGERHEAD ROAD,KURE BEACH,NC,28449.0,9104588257,33.96286,-77.92718,,129.0,37.0,3,,,,
17491,8409500133,NORTH CAROLINA AQUARIUM AT PINE KNOLL SHORES,NORTH CAROLINA AQUARIUM AT PINE KNOLL SHORES,,"ZOO, AQUARIUM, OR WILDLIFE CONSERVATION",,1 ROOSEVELT DRIVE,PINE KNOLL SHORES,NC,28512,1 ROOSEVELT DRIVE,PINE KNOLL SHORES,NC,28512.0,2522474003,34.69692,-76.82176,3.0,31.0,37.0,3,,,,
17492,8409500134,NORTH CAROLINA AQUARIUM ON ROANOKE ISLAND,NORTH CAROLINA AQUARIUM ON ROANOKE ISLAND,,"ZOO, AQUARIUM, OR WILDLIFE CONSERVATION",,374 AIRPORT ROAD,MANTEO,NC,27954,374 AIRPORT ROAD,MANTEO,NC,27954.0,2524733494,35.91945,-75.70493,3.0,55.0,37.0,3,,,,
17493,8403700546,NORTH CAROLINA AQUARIUM SOCIETY,THE NORTH CAROLINA AQUARIUM SOCIETY,,"ZOO, AQUARIUM, OR WILDLIFE CONSERVATION",,3125 POPLARWOOD COURT,RALEIGH,NC,27604,,,,,9197332290,35.82075,-78.58379,1.0,,37.0,3,561512990,201312.0,12011943.0,6590439.0
17514,8409400515,NORTH CAROLINA NATIONAL ESTUARINE RESEARCH RESERVE,NORTH CAROLINA NATIONAL ESTUARINE RESEARCH RESERVE,,"ZOO, AQUARIUM, OR WILDLIFE CONSERVATION",,983 W KITTY HAWK RD,KITTY HAWK,NC,27949,,,,,,36.06662,-75.69304,4.0,55.0,37.0,3,,,,
17736,8403700003,WEYMOUTH WOODS NATURE PRESERVE,WEYMOUTH WOODS NATURE PRESERVE,,"ZOO, AQUARIUM, OR WILDLIFE CONSERVATION",,1024 FORT BRAGG RD,SOUTHERN PINES,NC,28387,,,,,9106922167,35.14685,-79.37185,4.0,125.0,37.0,3,,,,
18187,8409500100,LEE G. SIMMONS CONSERVATION PARK & WILDLIFE SAFARI,LEE G. SIMMONS CONSERVATION PARK & WILDLIFE SAFARI,,"ZOO, AQUARIUM, OR WILDLIFE CONSERVATION",,16406 NORTH 292ND STREET,ASHLAND,NE,68003,16406 NORTH 292ND STREET,ASHLAND,NE,68003.0,4029449453,41.015,-96.30264,4.0,25.0,31.0,5,,,,
18308,8409500160,RIVERSIDE DISCOVERY CENTER,RIVERSIDE DISCOVERY CENTER,,"ZOO, AQUARIUM, OR WILDLIFE CONSERVATION",,1600 S BELTLINE HWY W,SCOTTSBLUFF,NE,69361,1600 S BELTLINE HWY W,SCOTTSBLUFF,NE,69361.0,3086306236,41.86202,-103.6951,4.0,157.0,31.0,5,,,,
18498,8409400227,GREAT BAY NATIONAL ESTUARINE RESEARCH RESERVE,GREAT BAY NATIONAL ESTUARINE RESEARCH RESERVE,,"ZOO, AQUARIUM, OR WILDLIFE CONSERVATION",,89 DEPOT RD,GREENLAND,NH,3840,,,,,,43.05403,-70.89625,2.0,15.0,33.0,1,,,,
18691,8409500191,SQUAM LAKES NATURAL SCIENCE CENTER,SQUAM LAKES NATURAL SCIENCE CENTER,,"ZOO, AQUARIUM, OR WILDLIFE CONSERVATION",,23 SCIENCE CENTER RD,HOLDERNESS,NH,3245,23 SCIENCE CENTER RD,HOLDERNESS,NH,3245.0,6039687194,43.74336,-71.61352,4.0,,33.0,1,,,,
18749,8409500002,ADVENTURE AQUARIUM,ADVENTURE AQUARIUM,,"ZOO, AQUARIUM, OR WILDLIFE CONSERVATION",,1 RIVERSIDE DRIVE,CAMDEN,NJ,8103,1 RIVERSIDE DRIVE,CAMDEN,NJ,8103.0,8563653300,39.94323,-75.13012,2.0,7.0,34.0,2,,,,
19065,8409500090,JENKINSON'S AQUARIUM,JENKINSON'S AQUARIUM,,"ZOO, AQUARIUM, OR WILDLIFE CONSERVATION",,300 OCEAN AVENUE,POINT PLEASANT BEACH,NJ,8742,300 OCEAN AVENUE,POINT PLEASANT BEACH,NJ,8742.0,7328991659,40.09421,-74.03687,2.0,29.0,34.0,2,,,,
19209,8403400740,NEW JERSEY ACADEMY FOR AQUATIC SCIENCES,THE CENTER FOR AQUATIC SCIENCES INC,,"ZOO, AQUARIUM, OR WILDLIFE CONSERVATION",,1 RIVERSIDE DR,CAMDEN,NJ,8103,,,,,,39.94336,-75.13026,1.0,7.0,34.0,2,521647018,201406.0,2890794.0,1788419.0
19311,8403400515,PRESERVE HISTORIC HACKETTSTOWN,PRESERVE HISTORIC HACKETTSTOWN INC,,"ZOO, AQUARIUM, OR WILDLIFE CONSERVATION",,206 W MOORE ST,HACKETTSTOWN,NJ,7840,,,,,,40.85211,-74.83073,2.0,41.0,34.0,2,223817367,,,
19503,8409500007,ALBUQUERQUE BIOLOGICAL PARK,ALBUQUERQUE BIOLOGICAL PARK,,"ZOO, AQUARIUM, OR WILDLIFE CONSERVATION",,903 10TH STREET SW,ALBUQUERQUE,NM,87102,903 10TH STREET SW,ALBUQUERQUE,NM,87102.0,5057646224,35.07827,-106.66304,1.0,1.0,35.0,5,,,,
19621,8403500155,KIDD CONNECTION,KIDD CONNECTION,,"ZOO, AQUARIUM, OR WILDLIFE CONSERVATION",,PO BOX 2212,CORRALES,NM,87048,114 RICHARD RD,CORRALES,NM,87048.0,5058905254,35.25569,-106.60765,2.0,43.0,35.0,5,541853485,201312.0,0.0,0.0
19679,8403500108,NEW MEXICO BIO PARK SOCIETY,NEW MEXICO BIOPARK SOCIETY INC,NEW MEXICO BIO PARK SOCIETY,"ZOO, AQUARIUM, OR WILDLIFE CONSERVATION",,903 10TH ST SW,ALBUQUERQUE,NM,87102,,,,,5057646280,35.07827,-106.66304,1.0,1.0,35.0,5,237087964,201312.0,3848743.0,3581873.0
19947,8403200086,SAFARI LEARNING CENTER,SAFARI LEARNING CENTER INC,,"ZOO, AQUARIUM, OR WILDLIFE CONSERVATION",,7850 S DEAN MARTIN DR,LAS VEGAS,NV,89139,,,,,7026500555,36.04712,-115.18348,2.0,3.0,32.0,6,330889632,201406.0,1.0,
19951,8409500188,SHARK REEF AQUARIUM AT MANDALAY BAY,SHARK REEF AQUARIUM AT MANDALAY BAY,,"ZOO, AQUARIUM, OR WILDLIFE CONSERVATION",,3950 LAS VEGAS BLVD SOUTH,LAS VEGAS,NV,89119,3950 LAS VEGAS BLVD SOUTH,LAS VEGAS,NV,89119.0,7026324555,36.11031,-115.15999,4.0,3.0,32.0,6,,,,
20216,8403600545,BROOKLYN AQUARIUM,BROOKLYN AQUARIUM SOCIETY INC,,"ZOO, AQUARIUM, OR WILDLIFE CONSERVATION",,2751 CONEY ISLAND AVE,BROOKLYN,NY,11235,1650 E 37TH ST BROOKLYN,BROOKLYN,NY,11235.0,7188374455,40.58343,-73.95435,1.0,47.0,36.0,2,112461838,201408.0,26217.0,26217.0
20314,8403602062,CENTRAL NEW YORK AQUARIUM SOCIETY,CENTRAL NEW YORK AQUARIUM SOCIETY,,"ZOO, AQUARIUM, OR WILDLIFE CONSERVATION",,923 WADSWORTH ST,SYRACUSE,NY,13208,148 SANDERS CREEK PKWY,SYRACUSE,NY,13208.0,,43.0724,-76.14939,1.0,,36.0,2,263632538,201408.0,0.0,0.0
20402,8403600566,COLD SPRING HARBOR FISH HATCHERY,FRIENDS OF THE COLD SPRING HARBOR FISH HATCHERY INC,,"ZOO, AQUARIUM, OR WILDLIFE CONSERVATION",,1660 ROUTE 25A,COLD SPRING H,NY,11724,,,,,5166926768,40.86538,-73.46198,2.0,103.0,36.0,2,112563328,201312.0,446248.0,392074.0
20740,8403600457,GREATEST CITY AQUARIUM SOCIETY,GREATEST CITY AQUARIUM SOCIETY INC,,"ZOO, AQUARIUM, OR WILDLIFE CONSERVATION",,58 PLYMOUTH ROAD,GREAT NECK,NY,11023,,,,,,40.80051,-73.72477,2.0,59.0,36.0,2,20574476,201408.0,0.0,0.0
20949,8409400268,HUDSON RIVER NATIONAL ESTUARINE RESEARCH RESERVE,HUDSON RIVER NATIONAL ESTUARINE RESEARCH RESERVE,,"ZOO, AQUARIUM, OR WILDLIFE CONSERVATION",,MARGARET NORRIE STATE PARK,STAATSBURG,NY,12580,,,,,,41.85131,-73.8834,4.0,,36.0,2,,,,
21108,8403600218,LENOIR PRESERVE,LENOIR PRESERVE,,"ZOO, AQUARIUM, OR WILDLIFE CONSERVATION",,WESTCHESTER COUNTY DEPARTMENT OF PARKS 25 MOORE AVENUE,MT KISCO,NY,10549,19 DUDLEY STREET,YONKERS,NY,10549.0,9149685851,40.97794,-73.88298,2.0,119.0,36.0,2,,,,
21154,8403600617,LONG ISLAND AQAR AT BAYSHORE,LONG ISLAND AQAR AT BAYSHORE,,"ZOO, AQUARIUM, OR WILDLIFE CONSERVATION",,54 LAWRENCE LN,BAY SHORE,NY,11706,,,,,6316666811,40.71177,-73.25112,2.0,103.0,36.0,2,113166839,,,
21370,8403600541,NASSAU COUNTY AQUARIUM SOCIETY,NASSAU COUNTY AQUARIUM SOCIETY INC,,"ZOO, AQUARIUM, OR WILDLIFE CONSERVATION",,PO BOX 358,GLENWOODLANDING,NY,11547,PO BOX 358,GLENWOOD LANDING,NY,11547.0,5167986766,40.82845,-73.64222,2.0,59.0,36.0,2,800831931,201412.0,0.0,0.0
21430,8409500130,NEW YORK AQUARIUM,NEW YORK AQUARIUM,,"ZOO, AQUARIUM, OR WILDLIFE CONSERVATION",,SURF AVENUE AT WEST 8TH STREET,BROOKLYN,NY,11224,SURF AVENUE AT WEST 8TH STREET,BROOKLYN,NY,11224.0,7182653400,40.57715,-73.98584,1.0,,36.0,2,,,,
21476,8403601474,NIAGARA AQUARIUM,NIAGARA AQUARIUM FOUNDATION INC,,"ZOO, AQUARIUM, OR WILDLIFE CONSERVATION",,701 WHIRLPOOL ST,NIAGARA FALLS,NY,14301,,,,,7162853575,43.09422,-79.06056,1.0,63.0,36.0,2,161448764,201409.0,2229112.0,1865585.0
21726,8403600646,RIVERHEAD FOUNDATION MARINE,RIVERHEAD FOUNDATION FOR MARINE RESEARCH AND PRESERVATION,,"ZOO, AQUARIUM, OR WILDLIFE CONSERVATION",,467 E MAIN ST,RIVERHEAD,NY,11901,,,,,6313699840,40.91847,-72.65684,2.0,103.0,36.0,2,113343543,201312.0,1322337.0,1322337.0
21759,8409500164,ROOSEVELT WILD LIFE COLLECTIONS,ROOSEVELT WILD LIFE COLLECTIONS,,"ZOO, AQUARIUM, OR WILDLIFE CONSERVATION",STATE UNIVERSITY OF NEW YORK COLLEGE OF ENVIRONMENTAL SCIENCE AND FORESTRY,1 FORESTRY DRIVE,SYRACUSE,NY,13210,,,,,,43.03404,-76.13922,4.0,67.0,36.0,2,146013200,,,
21814,8403601651,SANDS POINT PRESERVE,FRIENDS OF THE SANDS POINT PRESERVE INC,,"ZOO, AQUARIUM, OR WILDLIFE CONSERVATION",,PRESERVE INC 800 PORT WASHINGTON BL,PORT WASHINGTON,NY,11050,127 MIDDLE NECK ROAD,PORT WASHINGTON,NY,11050.0,5165717900,40.85619,-73.70226,2.0,59.0,36.0,2,200294550,201312.0,1855718.0,1566917.0
22017,8403600064,THEODORE ROOSEVELT SANCTUARY,THEODORE ROOSEVELT SANCTUARY,,"ZOO, AQUARIUM, OR WILDLIFE CONSERVATION",,134 COVE RD,OYSTER BAY,NY,11771,,,,,5169223200,40.87212,-73.52507,2.0,59.0,36.0,2,,,,
22030,8403600034,TIFFT NATURE PRESERVE,TIFFT NATURE PRESERVE,,"ZOO, AQUARIUM, OR WILDLIFE CONSERVATION",,1200 FUHRMANN BLVD,BUFFALO,NY,14203,,,,,7168256397,42.84779,-78.85584,1.0,29.0,36.0,2,,,,
22170,8403600769,WESTMORELAND SANCTUARY,WESTMORELAND SANCTUARY INC,,"ZOO, AQUARIUM, OR WILDLIFE CONSERVATION",,PO BOX 86,MOUNT KISCO,NY,10549,260 CHESTNUT RIDGE RD,MOUNT KISCO,NY,10549.0,9146668448,41.18314,-73.6856,4.0,119.0,36.0,2,131855977,201403.0,1005491.0,
22184,8403600022,WILD WINGS,WILD WINGS INC,,"ZOO, AQUARIUM, OR WILDLIFE CONSERVATION",,27 POND ROAD,HONEY FALLS,NY,14472,,,,,5853347790,43.02204,-77.57564,4.0,55.0,36.0,2,161491543,201408.0,83124.0,63721.0
22201,8403601738,WOLF MOUNTAIN NATURE CENTER,WOLF MOUNTAIN NATURE CENTER INC,,"ZOO, AQUARIUM, OR WILDLIFE CONSERVATION",,562 HOPKINS CRANDALL ROAD,SMYRNA,NY,13464,,,,,,42.66083,-75.61495,4.0,17.0,36.0,2,205274163,201412.0,0.0,0.0
22240,8409500003,AFRICAN SAFARI WILDLIFE PARK,AFRICAN SAFARI WILDLIFE PARK,,"ZOO, AQUARIUM, OR WILDLIFE CONSERVATION",,267 S LIGHTNER ROAD,PORT CLINTON,OH,43452,267 S LIGHTNER ROAD,PORT CLINTON,OH,43452.0,4197323606,41.51966,-82.85169,4.0,123.0,39.0,4,,,,
22471,8403901187,CLEVELAND AQUARIUM,CLEVELAND AQUARIUM INC,,"ZOO, AQUARIUM, OR WILDLIFE CONSERVATION",,3412 RIDGE PARK DR,BROADVIEW HTS,OH,44147,,,,,,41.33457,-81.66576,2.0,35.0,39.0,4,341911811,201312.0,4625.0,4625.0
22497,8403900710,COLUMBUS AQUARIUM,COLUMBUS AQUARIUM FISH ENTHUSIASTS,,"ZOO, AQUARIUM, OR WILDLIFE CONSERVATION",,1038 WILLOW CREK DR,PLAIN CITY,OH,43064,,,,,,40.1,-83.27393,3.0,97.0,39.0,4,311449593,,,
22590,8403900178,EDGE OF APPALACHIA PRESERVES,EDGE OF APPALACHIA PRESERVES,,"ZOO, AQUARIUM, OR WILDLIFE CONSERVATION",,4274 WAGGONER RIFFLE RD,WEST UNION,OH,45693,,,,,9375442880,38.76721,-83.45887,4.0,1.0,39.0,4,,,,
22688,8409500072,GLEN HELEN NATURE PRESERVE,ANTIOCH UNIVERSITY,,"ZOO, AQUARIUM, OR WILDLIFE CONSERVATION",ANTIOCH UNIVERSITY-MIDWEST,405 CORRY STREET,YELLOW SPRINGS,OH,45387,,,,,9377691902,39.80505,-83.90145,3.0,57.0,39.0,4,310536640,201306.0,88122292.0,68440551.0
22712,8403900688,GREATER CINCINNATI AQUARIUM SOCIETY,GREATER CINCINNATI AQUARIUM SOCIETY,,"ZOO, AQUARIUM, OR WILDLIFE CONSERVATION",,PO BOX 40477,CINCINNATI,OH,45240,,,,,,39.28698,-84.52812,2.0,61.0,39.0,4,311395297,201312.0,0.0,0.0
22715,8403900138,GREATER CLEVELAND AQUARIUM,GREATER CLEVELAND AQUARIUM,,"ZOO, AQUARIUM, OR WILDLIFE CONSERVATION",,2000 SYCAMORE ST,CLEVELAND,OH,44113,,,,,2168628803,41.49657,-81.70532,1.0,35.0,39.0,4,,,,
22843,8403900610,INTERNATIONAL CENTER FOR THE PRESERVATION OF WILD ANIMALS,INTERNATIONAL CENTER FOR THE PRESERVATION OF WILD ANIMALS,,"ZOO, AQUARIUM, OR WILDLIFE CONSERVATION",,14000 INTERNATIONAL ROAD,CUMBERLAND,OH,43732,,,,,3906585531,40.16385,-83.10565,2.0,41.0,39.0,4,311113570,201312.0,5362279.0,4752078.0
22908,8409500097,KRAUS PRESERVE,OHIO WESLEYAN UNIVERSITY,,"ZOO, AQUARIUM, OR WILDLIFE CONSERVATION",OHIO WESLEYAN UNIVERSITY,61 S SANDUSKY ST,DELAWARE,OH,43015,,,,,7403682000,40.29709,-83.06782,2.0,41.0,39.0,4,314379585,201306.0,121088991.0,121059457.0
23021,8403900994,MEDINA COUNTY AQUARIUM SOCIETY,MEDINA COUNTY AQUARIUM SOCIETY,,"ZOO, AQUARIUM, OR WILDLIFE CONSERVATION",,PO BOX 1485,MEDINA,OH,44258,,,,,,41.1016,-82.12428,4.0,103.0,39.0,4,341397786,,,
23196,8403900623,OHIO WILDLIFE CENTER,OHIO WILDLIFE CENTER,,"ZOO, AQUARIUM, OR WILDLIFE CONSERVATION",,2661 BILLINGSLEY ROAD,POWELL,OH,43065,,,,,6147939453,40.17669,-83.1453,4.0,41.0,39.0,4,311182372,201312.0,897470.0,868793.0
23202,8409400529,OLD WOMAN CREEK NATIONAL ESTUARINE RESEARCH RESERVE,OLD WOMAN CREEK NATIONAL ESTUARINE RESEARCH RESERVE,,"ZOO, AQUARIUM, OR WILDLIFE CONSERVATION",,2514 CLEVELAND ROAD,HURON,OH,44839,,,,,,41.38276,-82.51483,4.0,43.0,39.0,4,,,,
23428,8409500208,THE WILDS,THE WILDS,,"ZOO, AQUARIUM, OR WILDLIFE CONSERVATION",,14000 INTERNATIONAL ROAD,CUMBERLAND,OH,43732,14000 INTERNATIONAL ROAD,CUMBERLAND,OH,43732.0,7406385030,39.825,-81.74949,4.0,119.0,39.0,4,,,,
24417,8409500112,MARK O. HATFIELD MARINE SCIENCE CENTER AQUARIUM NEWPORT,MARK O. HATFIELD MARINE SCIENCE CENTER AQUARIUM NEWPORT,,"ZOO, AQUARIUM, OR WILDLIFE CONSERVATION",OREGON STATE UNIVERSITY,2030 SOUTHEAST MARINE SCIENCE DRIVE,NEWPORT,OR,97365,,,,,5418670100,44.62343,-124.04691,3.0,41.0,41.0,6,481278540,,,
24480,8404100406,OREGON COAST AQUARIUM,OREGON COAST AQUARIUM INC,,"ZOO, AQUARIUM, OR WILDLIFE CONSERVATION",,2820 SE FENY SLIP ROAD,NEWPORT,OR,97365,,,,,,44.61825,-124.05239,3.0,41.0,41.0,6,930877807,201409.0,8293246.0,8121897.0
24592,8409400620,SOUTH SLOUGH NATIONAL ESTUARINE RESEARCH RESERVE,SOUTH SLOUGH NATIONAL ESTUARINE RESEARCH RESERVE,,"ZOO, AQUARIUM, OR WILDLIFE CONSERVATION",,61907 SEVEN DEVILS RD,COOS BAY,OR,97420,,,,,,43.36387,-124.22586,4.0,,41.0,6,,,,
24669,8409500225,WILDLIFE SAFARI,WILDLIFE SAFARI,,"ZOO, AQUARIUM, OR WILDLIFE CONSERVATION",,1790 SAFARI ROAD,WINSTON,OR,97496,1790 SAFARI ROAD,WINSTON,OR,97496.0,5416796761,43.11461,-123.41802,4.0,19.0,41.0,6,,,,
24840,8404200277,BOWMAN'S HILL WILDFLOWER PRESERVE,BOWMAN'S HILL WILDFLOWER PRESERVE,,"ZOO, AQUARIUM, OR WILDLIFE CONSERVATION",,1635 RIVER ROAD,NEW HOPE,PA,18938,,,,,2158622924,40.33368,-74.94037,4.0,17.0,42.0,2,,,,
24870,8404200679,BUCKS COUNTY AQUARIUM SOCIETY,BUCKS COUNTY AQUARIUM SOCIETY LTD,,"ZOO, AQUARIUM, OR WILDLIFE CONSERVATION",,PO BOX 130,CARVERSVILLE,PA,18913,THE CHURCHVILLE NATURE CENTER 501 CHURCHVILLE LANE,CHURCHVILLE,PA,18913.0,,40.38086,-75.04868,4.0,,42.0,2,232583430,201412.0,0.0,0.0
24963,8409500049,CLYDE PEELING'S REPTILAND,CLYDE PEELING'S REPTILAND,,"ZOO, AQUARIUM, OR WILDLIFE CONSERVATION",,18628 US ROUTE 15,ALLENWOOD,PA,17810,18628 US ROUTE 15,ALLENWOOD,PA,17810.0,5705381869,41.13275,-76.91383,4.0,119.0,42.0,2,,,,
25212,8404200789,GENESIS WILDLIFE CENTER,GENESIS WILDLIFE CENTER INC,,"ZOO, AQUARIUM, OR WILDLIFE CONSERVATION",,4121 ROMEO RD,TOBYHANNA,PA,18466,,,,,5703484137,41.20144,-75.37009,3.0,,42.0,2,232868001,201312.0,0.0,0.0
25287,8404200465,HAWK MOUNTAIN SANCTUARY ASSOCIATION,HAWK MOUNTAIN SANCTUARY ASSOCIATION,HAWK MOUNTAIN SANCTUARY ASSOCIATION,"ZOO, AQUARIUM, OR WILDLIFE CONSERVATION",,1700 HAWK MOUNTAIN RD,KEMPTON,PA,19529,,,,,6107566961,40.64039,-75.9763,4.0,11.0,42.0,2,231392700,201403.0,3617084.0,3314392.0
25416,8404200167,INSECTARIUM,INSECTARIUM,,"ZOO, AQUARIUM, OR WILDLIFE CONSERVATION",,8046 FRANKFORD AVE,PHILADELPHIA,PA,19136,,,,,2153359500,40.04221,-75.02717,1.0,101.0,42.0,2,,,,
25721,8404201376,NATIONAL AVIARY IN PITTSBURGH,NATIONAL AVIARY IN PITTSBURGH,,"ZOO, AQUARIUM, OR WILDLIFE CONSERVATION",,ALLEGHENY COMMONS WEST,PITTSBURGH,PA,15212,700 ARCH ST,PITTSBURGH,PA,15212.0,4123237235,40.45247,-80.00808,1.0,3.0,42.0,2,251899385,,,
25772,8404200367,NORTH CENTRAL PENNSYLVANIA AQUARIUM REEF SOCIETY,NORTH CENTRAL PENNSYLVANIA AQUARIUM REEF SOCIETY INC,,"ZOO, AQUARIUM, OR WILDLIFE CONSERVATION",,1110 WALNUT STREET,WILLIAMSPORT,PA,17701,,,,,,41.25009,-77.0147,1.0,81.0,42.0,2,204283890,201408.0,0.0,0.0
26188,8404200049,TREXLER GAME PRESERVE,HARRY C TREXLER TRUST FUND GAME PRESERVE MAINTENANCE FUND,,"ZOO, AQUARIUM, OR WILDLIFE CONSERVATION",,5150 GAME PRESERVE ROAD,SCHNECKSVILLE,PA,18078,,,,,6107994171,40.60337,-75.47164,1.0,77.0,42.0,2,236405492,201403.0,8450.0,8450.0
26298,8404200351,WILD WOODS ANIMAL PARK,WILD WOODS ANIMAL PARK,,"ZOO, AQUARIUM, OR WILDLIFE CONSERVATION",,12 WILD WOODS LN,CLARENDON,PA,16313,,,,,,41.68385,-79.12484,4.0,123.0,42.0,2,202388728,201412.0,0.0,0.0
26443,8404400013,NEWPORT EXPLORATION CENTER AQUARIUM,NEWPORT EXPLORATION CENTER AQUARIUM,,"ZOO, AQUARIUM, OR WILDLIFE CONSERVATION",,175 MEMORIAL BLVD,NEWPORT,RI,2840,,,,,4018498430,41.48493,-71.29815,2.0,5.0,44.0,1,,,,
26446,8404400185,OCEANS AQUARIUM RESEARCH & SCIENCE CENTER,OCEANS AQUARIUM RESEARCH & SCIENCE CENTER,,"ZOO, AQUARIUM, OR WILDLIFE CONSERVATION",,1260 MAIN ST,COVENTRY,RI,2816,,,,,,41.69122,-71.56999,2.0,3.0,44.0,1,272586266,201412.0,0.0,0.0
26458,8404400118,PRESERVE HISTORIC SAINT MARYS,PRESERVE HISTORIC SAINT MARYS INC,,"ZOO, AQUARIUM, OR WILDLIFE CONSERVATION",,12 WILLIAM ST,NEWPORT,RI,2840,,,,,4018470475,41.48362,-71.31115,2.0,5.0,44.0,1,50516181,201312.0,19678.0,19678.0
26526,8409400022,ACE BASIN NATIONAL ESTUARINE RESEARCH RESERVE,ACE BASIN NATIONAL ESTUARINE RESEARCH RESERVE,,"ZOO, AQUARIUM, OR WILDLIFE CONSERVATION",,,GREEN POND,SC,29446,,,,,,,,,,45.0,3,,,,
26607,8404500103,COLUMBIA MARINE AQUARIUM CLUB,COLUMBIA MARINE AQUARIUM CLUB,,"ZOO, AQUARIUM, OR WILDLIFE CONSERVATION",,101 LANDER DR,WEST COLUMBIA,SC,29169,,,,,,34.00272,-81.14641,2.0,63.0,45.0,3,200804843,201312.0,0.0,0.0
26703,8404500167,HOLLYWILD ANIMAL PARK,HOLLYWILD ANIMAL PARK INC,,"ZOO, AQUARIUM, OR WILDLIFE CONSERVATION",,2325 HAMPTON RD,WELLFORD,SC,29385,2325 HAMPTON RD,WELLFORD,SC,29385.0,8644722038,35.02531,-82.14155,4.0,83.0,45.0,3,311633140,201210.0,921978.0,920392.0
26777,8409400517,NORTH INLET-WINYAH BAY NATIONAL ESTUARINE RESEARCH RESERVE,NORTH INLET-WINYAH BAY NATIONAL ESTUARINE RESEARCH RESERVE,,"ZOO, AQUARIUM, OR WILDLIFE CONSERVATION",,,NORTH INLET,SC,29440,,,,,,,,,,45.0,3,,,,
26816,8409500157,RIPLEY'S AQUARIUM,RIPLEY'S AQUARIUM,,"ZOO, AQUARIUM, OR WILDLIFE CONSERVATION",,1110 CELEBRITY CIRCLE,MYRTLE BEACH,SC,29577,1110 CELEBRITY CIRCLE,MYRTLE BEACH,SC,29577.0,8439160888,33.71618,-78.88591,1.0,51.0,45.0,3,,,,
26835,8404500301,SEA PINES FOREST PRESERVE FOUNDATION,SEA PINES FOREST PRESERVE FOUNDATION,,"ZOO, AQUARIUM, OR WILDLIFE CONSERVATION",,175 GREENWOOD DR,HILTON HEAD,SC,29928,,,,,8438421979,32.14562,-80.7849,1.0,13.0,45.0,3,570985915,201312.0,156273.0,141877.0
26844,8404500291,SOUTH CAROLINA AQUARIUM,SOUTH CAROLINA AQUARIUM,,"ZOO, AQUARIUM, OR WILDLIFE CONSERVATION",,100 AQUARIUM WHARF,CHARLESTON,SC,29401,,,,,8435773474,32.79578,-79.94594,1.0,19.0,45.0,3,570961897,201403.0,9259445.0,8534145.0
26856,8404500314,SOUTH CAROLINA LAW ENFORCEMENT OFFICERS' ASSOCIATION,THE SOUTH CAROLINA WILDLIFE LAW ENFORCEMENT OFFICERS ASSOC,,"ZOO, AQUARIUM, OR WILDLIFE CONSERVATION",,PO BOX 1424,COLUMBIA,SC,29202,,,,,,34.00607,-81.03767,1.0,79.0,45.0,3,571014222,201412.0,0.0,0.0
27072,8404600129,PRESERVE SOUTH DAKOTA,PRESERVE SOUTH DAKOTA,,"ZOO, AQUARIUM, OR WILDLIFE CONSERVATION",,PO BOX 267,PIERRE,SD,57301,,,,,,43.71349,-98.01393,3.0,35.0,46.0,5,460347979,201212.0,0.0,0.0
27076,8404600059,QUIVER HILL WILDLIFE HISTORIC PRESERVATION SOCIETY,QUIVER HILL WILDLIFE HISTORIC PRESERVATION SOCIETY,,"ZOO, AQUARIUM, OR WILDLIFE CONSERVATION",,PO BOX 232 - 22752 SD HWY 44,WANBLEE,SD,57577,,,,,,43.47304,-101.72301,4.0,71.0,46.0,5,205463991,,,
27101,8404600092,SOUTH DAKOTA DISCOVERY CENTER,SOUTH DAKOTA DISCOVERY CENTER,SOUTH DAKOTA DISCOVERY CENTER AND AQUARIUM,"ZOO, AQUARIUM, OR WILDLIFE CONSERVATION",,805 W SIOUX AVE,PIERRE,SD,57501,,,,,6052248295,44.37185,-100.36295,3.0,65.0,46.0,5,363599183,201312.0,637825.0,610733.0
27565,8409500158,RIPLEY'S AQUARIUM OF THE SMOKIES,RIPLEY'S AQUARIUM OF THE SMOKIES,,"ZOO, AQUARIUM, OR WILDLIFE CONSERVATION",,88 RIVER RD,GATLINBURG,TN,37738,88 RIVER RD,GATLINBURG,TN,37738.0,8654308808,35.71282,-83.51481,4.0,155.0,47.0,3,,,,
27624,8404700318,TENNESSEE AQUARIUM,TENNESSEE AQUARIUM,,"ZOO, AQUARIUM, OR WILDLIFE CONSERVATION",,PO BOX 11048,CHATTANOOGA,TN,37401,1 BROAD ST,CHATTANOOGA,TN,37401.0,4232650695,35.05586,-85.311,1.0,65.0,47.0,3,581837154,201312.0,24102131.0,20631557.0
27771,8409500009,AQUARIUM & RAINFOREST AT MOODY GARDENS,AQUARIUM & RAINFOREST AT MOODY GARDENS INC.,,"ZOO, AQUARIUM, OR WILDLIFE CONSERVATION",,1 HOPE BLVD,GALVESTON,TX,77554,1 HOPE BLVD,GALVESTON,TX,77554.0,8005824673,29.28751,-94.85554,4.0,167.0,48.0,5,,,,
27772,8404800626,AQUARIUM AT ROCKPORT HARBOR,AQUARIUM AT ROCKPORT HARBOR INC,,"ZOO, AQUARIUM, OR WILDLIFE CONSERVATION",,706 NAVIGATION CIRCLE,ROCKPORT,TX,78382,,,,,3617270016,28.02462,-97.05056,3.0,7.0,48.0,5,260671367,201312.0,138940.0,103537.0
28098,8404800421,DALLAS FORT WORTH MARINE AQUARIUM SOCIETY,DALLAS FORT WORTH MARINE AQUARIUM SOCIETY,,"ZOO, AQUARIUM, OR WILDLIFE CONSERVATION",,1512 CRESTRIDGE DR,CLEBURNE,TX,76033,,,,,,32.62463,-97.05902,2.0,113.0,48.0,5,43588455,201406.0,21949.0,13040.0
28106,8404800810,DALLAS MARINE AQUARIUM SOCIETY,DALLAS MARINE AQUARIUM SOCIETY,,"ZOO, AQUARIUM, OR WILDLIFE CONSERVATION",,PO BOX 851912,MESQUITE,TX,75185,4760 PRESTON RD STE 244-311,FRISCO,TX,75185.0,,33.12032,-96.80535,2.0,85.0,48.0,5,352351789,,,
28115,8409500202,DALLAS WORLD AQUARIUM,THE DALLAS WORLD AQUARIUM,,"ZOO, AQUARIUM, OR WILDLIFE CONSERVATION",,1801 N GRIFFIN STREET,DALLAS,TX,75202,1801 N GRIFFIN STREET,DALLAS,TX,75202.0,2147202224,32.78322,-96.80478,1.0,113.0,48.0,5,,,,
28116,8404801812,DALLAS WORLD AQUARIUM CORP,DALLAS WORLD AQUARIUM CORP,DALLAS WORLD AQUARIUM CORP,"ZOO, AQUARIUM, OR WILDLIFE CONSERVATION",,1801 N GRIFFIN ST,DALLAS,TX,75202,,,,,2147202224,32.78322,-96.80478,1.0,113.0,48.0,5,752942601,,,
28229,8404801828,ELM FORK NATURE PRESERVE,ELM FORK NATURE PRESERVE,,"ZOO, AQUARIUM, OR WILDLIFE CONSERVATION",,1330 E ROSEMEADE PARKWAY,CARROLLTON,TX,75006,,,,,9724669813,33.01007,-96.90601,1.0,121.0,48.0,5,756000478,,,
28254,8404801104,FEDERATION OF TEXAS AQUARIUM SOCIETIES,FEDERATION OF TEXAS AQUARIUM SOCIETIES INC,,"ZOO, AQUARIUM, OR WILDLIFE CONSERVATION",,3502 CARTER CREEK PKWY,BRYAN,TX,77802,,,,,9798463226,30.64486,-96.34329,1.0,41.0,48.0,5,742168021,,,
28265,8409400177,FLOWER GARDEN BANKS NATIONAL MARINE SANCTUARY,FLOWER GARDEN BANKS NATIONAL MARINE SANCTUARY,,"ZOO, AQUARIUM, OR WILDLIFE CONSERVATION",,"4700 AVENUE U, BUILDING 216",GALVESTON,TX,77551,,,,,4096215151,29.27632,-94.81386,3.0,167.0,48.0,5,,,,
28397,8404800436,GREATER HOUSTON AQUARIUM CLUB,GREATER HOUSTON AQUARIUM CLUB,,"ZOO, AQUARIUM, OR WILDLIFE CONSERVATION",,1709 BRUN ST,HOUSTON,TX,77019,,,,,,29.7506,-95.40879,1.0,201.0,48.0,5,113837103,,,
28524,8409500081,HOUSTON AQUARIUM,HOUSTON AQUARIUM INC.,,"ZOO, AQUARIUM, OR WILDLIFE CONSERVATION",,410 BAGBY STREET,HOUSTON,TX,77002,410 BAGBY STREET,HOUSTON,TX,77002.0,7133155000,29.76457,-95.36671,1.0,201.0,48.0,5,,,,
28738,8404801820,MARINE AQUARIUM & REEF SOCIETY OF HOUSTON,MARINE AQUARIUM & REEF SOCIETY OF HOUSTON INC,,"ZOO, AQUARIUM, OR WILDLIFE CONSERVATION",,223 DARBY TRAILS DRIVE,SUGAR LAND,TX,77479,,,,,,29.5971,-95.68854,2.0,157.0,48.0,5,752981833,201412.0,0.0,0.0
29205,8409500179,SEA LIFE AQUARIUM - GRAPEVINE,SEA LIFE AQUARIUM - GRAPEVINE,,"ZOO, AQUARIUM, OR WILDLIFE CONSERVATION",,3000 GRAPEVINE MILLS PKWY,GRAPEVINE,TX,76051,3000 GRAPEVINE MILLS PKWY,GRAPEVINE,TX,76051.0,8778197677,32.96617,-97.04241,4.0,439.0,48.0,5,,,,
29209,8409500183,SEAWORLD SAN ANTONIO,SEAWORLD SAN ANTONIO,,"ZOO, AQUARIUM, OR WILDLIFE CONSERVATION",,10500 SEAWORLD DRIVE,SAN ANTONIO,TX,78251,10500 SEAWORLD DRIVE,SAN ANTONIO,TX,78251.0,2105233000,29.46206,-98.69915,1.0,29.0,48.0,5,,,,
29249,8404801232,SOUTH PADRE ISLAND AQUARIUM,SOUTH PADRE ISLAND AQUARIUM,,"ZOO, AQUARIUM, OR WILDLIFE CONSERVATION",,106 W MARLIN ST,SOUTH PADRE I,TX,78597,,,,,9567617067,26.10975,-97.16762,3.0,61.0,48.0,5,742688078,,,
29427,8409500199,TEXAS STATE AQUARIUM,TEXAS STATE AQUARIUM,,"ZOO, AQUARIUM, OR WILDLIFE CONSERVATION",,2710 N SHORELINE BOULEVARD,CORPUS CHRISTI,TX,78402,2710 N SHORELINE BOULEVARD,CORPUS CHRISTI,TX,78402.0,3618811200,27.81475,-97.39201,4.0,355.0,48.0,5,237044950,201312.0,18329336.0,16409296.0
29553,8404801274,WILDLIFE CORRIDOR,FRIENDS OF THE WILDLIFE CORRIDOR,,"ZOO, AQUARIUM, OR WILDLIFE CONSERVATION",,3325 GREEN JAY RD,ALAMO,TX,78516,,,,,,26.1884,-98.12547,2.0,215.0,48.0,5,742847358,201309.0,79666.0,45402.0
29672,8404900214,LIVING PLANET,LIVING PLANET INC,,"ZOO, AQUARIUM, OR WILDLIFE CONSERVATION",,725 E 10600 S,SANDY,UT,84094,,,,,8013553474,40.53151,-111.90068,2.0,35.0,49.0,6,870572706,201312.0,4546530.0,3727124.0
29694,8404900022,OGDEN NATURE CENTER,GREATER OGDEN COMMUNITY NATURE CTR,,"ZOO, AQUARIUM, OR WILDLIFE CONSERVATION",,966 WEST 12TH STREET,OGDEN,UT,84404,,,,,8016217595,41.24459,-112.00182,1.0,57.0,49.0,6,870319227,201312.0,798989.0,746306.0
29753,8404900089,WASATCH MARINE AQUARIUM SOCIETY,WASATCH MARINE AQUARIUM SOCIETY,,"ZOO, AQUARIUM, OR WILDLIFE CONSERVATION",,6634 SOUTH 5135 WEST,WEST JORDAN,UT,84081,,,,,8019135634,40.63089,-112.01346,2.0,35.0,49.0,6,203440647,201312.0,0.0,0.0
29844,8405100357,BEAR PATH ACRES ANIMAL EDUCATIONAL CENTER,BEAR PATH ACRES ANIMAL EDUCATIONAL CENTER,,"ZOO, AQUARIUM, OR WILDLIFE CONSERVATION",,34574 SMITHS FERRY ROAD,FRANKLIN,VA,23851,,,,,7575168774,36.55108,-76.96006,4.0,175.0,51.0,3,263064303,201312.0,105713.0,105713.0
29922,8409400103,CHESAPEAKE BAY VIRGINIA NATIONAL ESTUARINE RESEARCH RESERVE,CHESAPEAKE BAY VIRGINIA NATIONAL ESTUARINE RESEARCH RESERVE,,"ZOO, AQUARIUM, OR WILDLIFE CONSERVATION",,7581 SPENCER ROAD,GLOUCESTER POINT,VA,23062,,,,,,37.24983,-76.49879,2.0,73.0,51.0,3,,,,
30308,8409400377,MONITOR NATIONAL MARINE SANCTUARY,MONITOR NATIONAL MARINE SANCTUARY,,"ZOO, AQUARIUM, OR WILDLIFE CONSERVATION",,100 MUSEUM DR,NEWPORT NEWS,VA,23601,,,,,,37.04079,-76.48729,1.0,700.0,51.0,3,,,,
30453,8405100567,POTOMAC VALLEY AQUARIUM SOCIETY,POTOMAC VALLEY AQUARIUM SOCIETY INC GERALD HOFFMAN,,"ZOO, AQUARIUM, OR WILDLIFE CONSERVATION",,PO BOX 684,MERRIFIELD,VA,22116,PO BOX 664,MERRIFIELD,VA,22116.0,,38.87367,-77.235,2.0,59.0,51.0,3,521427780,201312.0,0.0,0.0
30497,8405100369,RIVER BIRCH ANIMAL FARM,RIVER BIRCH ANIMAL FARM,,"ZOO, AQUARIUM, OR WILDLIFE CONSERVATION",,PO BOX 159,LOCUST HILL,VA,23092,,,,,,37.59807,-76.50991,4.0,119.0,51.0,3,264671792,201312.0,0.0,0.0
30708,8405100519,WINKLER BOTANICAL PRESERVE,WINKLER BOTANICAL PRESERVE,,"ZOO, AQUARIUM, OR WILDLIFE CONSERVATION",,5400 ROANOKE AVE,ALEXANDRIA,VA,22311,,,,,7035787888,38.80587,-77.03983,1.0,510.0,51.0,3,510243204,201312.0,2076273.0,
31013,8405000285,YOUTH SAFETY COUNCIL OF VERMONT,YOUTH SAFETY COUNCIL OF VERMONT INC,,"ZOO, AQUARIUM, OR WILDLIFE CONSERVATION",,PO BOX 991,MIDDLEBURY,VT,5753,,,,,8028819050,44.00526,-73.17161,3.0,1.0,50.0,1,542167319,201312.0,50608.0,50608.0
31390,8405300746,MOUNT RAINIER NATIONAL PARK,MOUNT RAINIER NATIONAL PARK ASSOCIATES,,"ZOO, AQUARIUM, OR WILDLIFE CONSERVATION",,55210 238TH AVENUE EAST,ASHFORD,WA,98304,,,,,3605696784,47.55881,-122.13575,1.0,33.0,53.0,6,911320409,201312.0,0.0,0.0
31454,8405300165,NORTHWEST WILDLIFE CONSERVANCY,NORTHWEST WILDLIFE CONSERVANCY,,"ZOO, AQUARIUM, OR WILDLIFE CONSERVATION",,5301 2ND AVE S,SEATTLE,WA,98108,,,,,,47.55467,-122.33269,1.0,33.0,53.0,6,202470568,201312.0,31502.0,
31466,8409400530,OLYMPIC COAST DISCOVERY CENTER,OLYMPIC COAST DISCOVERY CENTER,,"ZOO, AQUARIUM, OR WILDLIFE CONSERVATION",,115 EAST RAILROAD,PORT ANGELES,WA,98362,,,,,3604523255,48.12071,-123.4316,3.0,9.0,53.0,6,,,,
31467,8409400531,OLYMPIC COAST NATIONAL MARINE SANCTUARY,OLYMPIC COAST NATIONAL MARINE SANCTUARY,,"ZOO, AQUARIUM, OR WILDLIFE CONSERVATION",,115 EAST RAILROAD,PORT ANGELES,WA,98362,,,,,,48.12071,-123.4316,3.0,9.0,53.0,6,,,,
31518,8405300542,PUGET SOUND AQUARIUM SOCIETY,PUGET SOUND AQUARIUM SOCIETY,,"ZOO, AQUARIUM, OR WILDLIFE CONSERVATION",,1322 HUDSON STREET,DUPONT,WA,98327,,,,,,47.31125,-122.36422,2.0,33.0,53.0,6,911703830,201407.0,0.0,0.0
31552,8405300426,SEATTLE AQUARIUM,SEATTLE AQUARIUM SOCIETY-SEAS,SEATTLE AQUARIUM,"ZOO, AQUARIUM, OR WILDLIFE CONSERVATION",,1438 ALASKAN WAY PIER 5,SEATTLE,WA,98101,,,,,2063864332,47.60755,-122.34233,1.0,33.0,53.0,6,911189249,201312.0,15301907.0,14467857.0
31789,8405500872,BAY BEACH WILDLIFE SANCTUARY,FRIENDS OF THE BAY BEACH WILDLIFE SANCTUARY INC,,"ZOO, AQUARIUM, OR WILDLIFE CONSERVATION",,1660 EAST SHORE DRIVE,GREEN BAY,WI,54302,1660 EAST SHORE DRIVE,GREEN BAY,WI,54302.0,9203913675,44.52917,-87.9782,1.0,9.0,55.0,4,391298929,201305.0,263436.0,238873.0
32034,8405500534,GREEN BAY AQUARIUM SOCIETY,GREEN BAY AQUARIUM SOCIETY,,"ZOO, AQUARIUM, OR WILDLIFE CONSERVATION",,825 N BAY RIDGE RD,APPLETON,WI,54915,,,,,,44.49313,-87.94302,1.0,9.0,55.0,4,391642111,201409.0,0.0,0.0
32102,8405500151,HUNT HILL AUDUBON SANCTUARY,FRIENDS OF HUNT HILL AUDUBON SANCTUARY INC,,"ZOO, AQUARIUM, OR WILDLIFE CONSERVATION",,N2384 HUNT HILL ROAD,SARONA,WI,54870,,,,,7156356543,45.72041,-91.73912,4.0,129.0,55.0,4,61272752,201312.0,446467.0,446467.0
32108,8405500380,INTERNATIONAL CRANE FOUNDATION,INTERNATIONAL CRANE FOUNDATION INC,,"ZOO, AQUARIUM, OR WILDLIFE CONSERVATION",,EAST 11376 SHADY LANE ROAD,BARABOO,WI,53913,,,,,6083569462,43.57455,-89.76897,4.0,111.0,55.0,4,391187711,201403.0,7328650.0,6206453.0
32405,8405500884,RIDGES SANCTUARY,RIDGES SANCTUARY INC,,"ZOO, AQUARIUM, OR WILDLIFE CONSERVATION",,8270 HWY 57 PO BOX 152,BAILEYS HARBOR,WI,54202,8270 HWY 57 PO BOX 152,BAILEYS HARBOR,WI,54202.0,9208392802,45.06986,-87.14035,4.0,29.0,55.0,4,391044657,201312.0,2553470.0,2526578.0
